symbol,industry,sector,ind_date,nse_industry,next_results
20MICRONS,Other Industrial Metals & Mining,Basic Materials,2026-10-08,Metals,
21STCENMGM,Capital Markets,Financial Services,2026-10-08,Finance,
360ONE,Asset Management,Financial Services,2026-10-08,,2026-10-15
3BBLACKBIO,Biotechnology,Healthcare,2026-10-08,,
3IINFOLTD,Information Technology Services,Technology,2026-10-08,,
3MINDIA,Conglomerates,Industrials,2026-10-08,Trading,
3PLAND,Real Estate Services,Real Estate,2026-10-08,,
5PAISA,Capital Markets,Financial Services,2026-10-08,,
63MOONS,Software - Application,Technology,2026-10-08,,
A2ZINFRA,Engineering & Construction,Industrials,2026-10-08,,
AAATECH,Information Technology Services,Technology,2026-10-08,,
AADHARHFC,Mortgage Finance,Financial Services,2026-10-08,,
AAKASH,Oil & Gas Equipment & Services,Energy,2026-10-08,,
AAREYDRUGS,Drug Manufacturers - Specialty & Generic,Healthcare,2026-10-08,,
AARNAV,,,2026-10-08,,
AARON,Specialty Industrial Machinery,Industrials,2026-10-08,,
AARTECH,Electrical Equipment & Parts,Industrials,2026-10-08,,
AARTIDRUGS,Drug Manufacturers - Specialty & Generic,Healthcare,2026-10-08,Pharmaceuticals,
AARTIIND,Specialty Chemicals,Basic Materials,2026-10-08,Chemicals - Speciality,
AARTIPHARM,Drug Manufacturers - Specialty & Generic,Healthcare,2026-10-08,,
AARTISURF,Specialty Chemicals,Basic Materials,2026-10-08,,
AARVI,Staffing & Employment Services,Industrials,2026-10-08,,
AASTHA,Textile Manufacturing,Consumer Cyclical,2026-10-08,,
AAVAS,Mortgage Finance,Financial Services,2026-10-08,,
ABAN,Oil & Gas Drilling,Energy,2026-10-08,Oil Exploration/Production,
ABANSENT,Capital Markets,Financial Services,2026-10-08,,
ABB,Specialty Industrial Machinery,Industrials,2026-10-08,Electrical Equipment,2026-11-13
ABBOTINDIA,Drug Manufacturers - Specialty & Generic,Healthcare,2026-10-08,,
ABCAPITAL,Financial Conglomerates,Financial Services,2026-10-08,,
ABCOTS,Textile Manufacturing,Consumer Cyclical,2026-10-08,,
ABDL,Beverages - Wineries & Distilleries,Consumer Defensive,2026-10-08,,
ABFRL,Apparel Manufacturing,Consumer Cyclical,2026-10-08,,
ABINFRA,Engineering & Construction,Industrials,2026-10-08,,
ABLBL,Apparel Retail,Consumer Cyclical,2026-10-08,,
ABMINTLLTD,Specialty Chemicals,Basic Materials,2026-10-08,,
ABMKNO,Software - Application,Technology,2026-10-08,,
ABREL,Real Estate Services,Real Estate,2026-10-08,,
ABSLAMC,Asset Management,Financial Services,2026-10-08,,
ACC,Building Materials,Basic Materials,2026-10-08,Cement And Cement Products,
ACCELYA,Information Technology Services,Technology,2026-10-08,Computers - Software,
ACCURACY,Integrated Freight & Logistics,Industrials,2026-10-08,,
ACE,Farm & Heavy Construction Machinery,Industrials,2026-10-08,Electrical Equipment,
ACEINTEG,Staffing & Employment Services,Industrials,2026-10-08,,
ACEVECTOR,Internet Retail,Consumer Cyclical,2026-10-08,,
ACGL,Auto Parts,Consumer Cyclical,2026-10-08,,
ACI,Chemicals,Basic Materials,2026-10-08,,
ACL,Building Materials,Basic Materials,2026-10-08,,
ACMESOLAR,Utilities - Renewable,Utilities,2026-10-08,,
ACSTECH,Information Technology Services,Technology,2026-10-08,,
ACUTAAS,Specialty Chemicals,Basic Materials,2026-10-08,,
ADANIENSOL,Utilities - Independent Power Producers,Utilities,2026-10-08,,2026-10-22
ADANIENT,Thermal Coal,Energy,2026-10-08,Trading,
ADANIGREEN,Utilities - Renewable,Utilities,2026-10-08,,
ADANIPORTS,Marine Shipping,Industrials,2026-10-08,Shipping,2026-10-28
ADANIPOWER,Utilities - Independent Power Producers,Utilities,2026-10-08,Power,2026-10-23
ADDIND,Textile Manufacturing,Consumer Cyclical,2026-10-08,,
ADFFOODS,Packaged Foods,Consumer Defensive,2026-10-08,Food And Food Processing,
ADL,"Furnishings, Fixtures & Appliances",Consumer Cyclical,2026-10-08,,
ADOR,Specialty Industrial Machinery,Industrials,2026-10-08,,
ADROITIND,Auto Parts,Consumer Cyclical,2026-10-08,,2026-10-12
ADROITINFO,Information Technology Services,Technology,2026-10-08,,
ADSL,Information Technology Services,Technology,2026-10-08,Computers - Hardware,
ADVAIT,Specialty Industrial Machinery,Industrials,2026-10-08,,
ADVANCE,Agricultural Inputs,Basic Materials,2026-10-08,,
ADVANIHOTR,Lodging,Consumer Cyclical,2026-10-08,Hotels,
ADVENTHTL,Lodging,Consumer Cyclical,2026-10-08,,
ADVENZYMES,Specialty Chemicals,Basic Materials,2026-10-08,,
ADVIKCA,Credit Services,Financial Services,2026-10-08,,
AEGISLOG,Oil & Gas Refining & Marketing,Energy,2026-10-08,,
AEGISVOPAK,Oil & Gas Equipment & Services,Energy,2026-10-08,,
AEPL,Electrical Equipment & Parts,Industrials,2026-10-08,,
AEQUS,Aerospace & Defense,Industrials,2026-10-08,,
AEROENTER,Steel,Basic Materials,2026-10-08,,
AEROFLEX,Metal Fabrication,Industrials,2026-10-08,,
AERONEU,Packaging & Containers,Consumer Cyclical,2026-10-08,,
AEROPLANE,Farm Products,Consumer Defensive,2026-10-08,,
AETHER,Specialty Chemicals,Basic Materials,2026-10-08,,
AFCONS,Engineering & Construction,Industrials,2026-10-08,,
AFFLE,Advertising Agencies,Communication Services,2026-10-08,,
AFFORDABLE,Specialty Industrial Machinery,Industrials,2026-10-08,,
AFIL,Credit Services,Financial Services,2026-10-08,,
AFSL,Capital Markets,Financial Services,2026-10-08,,
AGARIND,Specialty Chemicals,Basic Materials,2026-10-08,,
AGARWALEYE,Medical Instruments & Supplies,Healthcare,2026-10-08,,
AGASTYAEN,Chemicals,Basic Materials,2026-10-08,,
AGI,Packaging & Containers,Consumer Cyclical,2026-10-08,,
AGIIL,Real Estate - Development,Real Estate,2026-10-08,,
AGL,Integrated Freight & Logistics,Industrials,2026-10-08,,
AGRITECH,Farm Products,Consumer Defensive,2026-10-08,,2026-10-12
AGROPHOS,Agricultural Inputs,Basic Materials,2026-10-08,,
AHCL,Drug Manufacturers - Specialty & Generic,Healthcare,2026-10-08,,
AHLADA,Building Products & Equipment,Industrials,2026-10-08,,
AHLEAST,Lodging,Consumer Cyclical,2026-10-08,Hotels,
AHLUCONT,Engineering & Construction,Industrials,2026-10-08,Construction,
AHLWEST,Lodging,Consumer Cyclical,2026-10-08,Hotels,
AIAENG,Specialty Industrial Machinery,Industrials,2026-10-08,Electrical Equipment,
AIIL,Capital Markets,Financial Services,2026-10-08,,
AIRAN,Information Technology Services,Technology,2026-10-08,,
AIROLAM,"Furnishings, Fixtures & Appliances",Consumer Cyclical,2026-10-08,,
AJANTPHARM,Drug Manufacturers - Specialty & Generic,Healthcare,2026-10-08,Pharmaceuticals,
AJAXENGG,Farm & Heavy Construction Machinery,Industrials,2026-10-08,,
AJMERA,Real Estate - Development,Real Estate,2026-10-08,Construction,
AJOONI,Packaged Foods,Consumer Defensive,2026-10-08,,
AKASH,Engineering & Construction,Industrials,2026-10-08,,
AKCAPIT,Capital Markets,Financial Services,2026-10-08,,
AKG,Industrial Distribution,Industrials,2026-10-08,,
AKI,Footwear & Accessories,Consumer Cyclical,2026-10-08,,
AKSHAR,Textile Manufacturing,Consumer Cyclical,2026-10-08,,
AKSHARCHEM,Specialty Chemicals,Basic Materials,2026-10-08,,
AKSHOPTFBR,Communication Equipment,Technology,2026-10-08,Cables - Telecom,
AKUMS,Drug Manufacturers - Specialty & Generic,Healthcare,2026-10-08,,
ALANKIT,Information Technology Services,Technology,2026-10-08,,
ALBERTDAVD,Drug Manufacturers - Specialty & Generic,Healthcare,2026-10-08,,
ALEMBICLTD,Real Estate - Development,Real Estate,2026-10-08,Pharmaceuticals,
ALFREDHE,Specialty Industrial Machinery,Industrials,2026-10-08,,
ALGOQUANT,Capital Markets,Financial Services,2026-10-08,,
ALICON,Metal Fabrication,Industrials,2026-10-08,Auto Ancillaries,
ALIVUS,Drug Manufacturers - Specialty & Generic,Healthcare,2026-10-08,,
ALKALI,Specialty Chemicals,Basic Materials,2026-10-08,Chemicals - Inorganic,2026-10-12
ALKEM,Drug Manufacturers - Specialty & Generic,Healthcare,2026-10-08,,
ALKYLAMINE,Specialty Chemicals,Basic Materials,2026-10-08,Chemicals - Speciality,
ALLCARGO,Integrated Freight & Logistics,Industrials,2026-10-08,Travel And Transport,
ALLDIGI,Specialty Business Services,Industrials,2026-10-08,,
ALLTIME,Household & Personal Products,Consumer Defensive,2026-10-08,,
ALMONDZ,Capital Markets,Financial Services,2026-10-08,Finance,
ALOKINDS,Textile Manufacturing,Consumer Cyclical,2026-10-08,,
ALPA,Drug Manufacturers - Specialty & Generic,Healthcare,2026-10-08,Pharmaceuticals,
ALPHAGEO,Oil & Gas Equipment & Services,Energy,2026-10-08,Oil Exploration/Production,
ALPINETEX,Textile Manufacturing,Consumer Cyclical,2026-10-08,,
ALUFLUOR,Chemicals,Basic Materials,2026-10-08,,
AMAGI,Software - Application,Technology,2026-10-08,,
AMAL,Chemicals,Basic Materials,2026-10-08,,
AMANTA,Drug Manufacturers - Specialty & Generic,Healthcare,2026-10-08,,
AMARJOTHI,Textile Manufacturing,Consumer Cyclical,2026-10-08,,
AMBALALSA,Drug Manufacturers - Specialty & Generic,Healthcare,2026-10-08,,
AMBER,"Furnishings, Fixtures & Appliances",Consumer Cyclical,2026-10-08,,
AMBICAAGAR,Household & Personal Products,Consumer Defensive,2026-10-08,,
AMBIKCO,Textile Manufacturing,Consumer Cyclical,2026-10-08,Textiles - Cotton,
AMBUJACEM,Building Materials,Basic Materials,2026-10-08,Cement And Cement Products,
AMDIND,Packaging & Containers,Consumer Cyclical,2026-10-08,Packaging,
AMJLAND,Real Estate - Development,Real Estate,2026-10-08,,
AMNPLST,Chemicals,Basic Materials,2026-10-08,,
AMRUTANJAN,Drug Manufacturers - Specialty & Generic,Healthcare,2026-10-08,Pharmaceuticals,
ANANDRATHI,Asset Management,Financial Services,2026-10-08,,2026-10-09
ANANTRAJ,Real Estate - Development,Real Estate,2026-10-08,Construction,2026-10-28
ANDHRAPAP,Paper & Paper Products,Basic Materials,2026-10-08,,
ANDHRSUGAR,Chemicals,Basic Materials,2026-10-08,Chemicals - Inorganic,
ANDREWYU,Farm Products,Consumer Defensive,2026-10-08,,
ANGELONE,Capital Markets,Financial Services,2026-10-08,,2026-10-15
ANIKINDS,Food Distribution,Consumer Defensive,2026-10-08,Trading,
ANMOL,Thermal Coal,Energy,2026-10-08,,
ANNAPURNA,Packaged Foods,Consumer Defensive,2026-10-08,,
ANNU,Infrastructure Operations,Industrials,2026-10-08,,
ANSALBU,Real Estate - Development,Real Estate,2026-10-08,,
ANTELOPUS,Oil & Gas E&P,Energy,2026-10-08,,
ANTGRAPHIC,Packaging & Containers,Consumer Cyclical,2026-10-08,Packaging,
ANTHEM,Biotechnology,Healthcare,2026-10-08,,
ANUHPHR,Drug Manufacturers - Specialty & Generic,Healthcare,2026-10-08,,
ANUP,Specialty Industrial Machinery,Industrials,2026-10-08,,
ANURAS,Specialty Chemicals,Basic Materials,2026-10-08,,
AONESTEELS,Steel,Basic Materials,2026-10-08,,
APARINDS,Electrical Equipment & Parts,Industrials,2026-10-08,Lubricants,2026-10-29
APCL,Building Materials,Basic Materials,2026-10-08,,
APCOTEXIND,Specialty Chemicals,Basic Materials,2026-10-08,Miscellaneous,
APEX,Farm Products,Consumer Defensive,2026-10-08,,
APLAPOLLO,Steel,Basic Materials,2026-10-08,Steel And Steel Products,
APLLTD,Drug Manufacturers - Specialty & Generic,Healthcare,2026-10-08,Pharmaceuticals,
APOLLO,Aerospace & Defense,Industrials,2026-10-08,,
APOLLOHOSP,Medical Care Facilities,Healthcare,2026-10-08,Miscellaneous,
APOLLOPIPE,Building Products & Equipment,Industrials,2026-10-08,,
APOLLOTYRE,Auto Parts,Consumer Cyclical,2026-10-08,Tyres,
APOLSINHOT,Specialty Business Services,Industrials,2026-10-08,,
APOORVA,Capital Markets,Financial Services,2026-10-08,,
APTECHT,Education & Training Services,Consumer Defensive,2026-10-08,Computers - Software,
APTUS,Mortgage Finance,Financial Services,2026-10-08,,
AQYLON,Broadcasting,Communication Services,2026-10-08,,
ARCHIDPLY,Lumber & Wood Production,Basic Materials,2026-10-08,Miscellaneous,
ARCHIES,Specialty Retail,Consumer Cyclical,2026-10-08,Printing And Publishing,
ARCIL,Asset Management,Financial Services,2026-10-08,,
ARCL,Specialty Chemicals,Basic Materials,2026-10-08,,
ARDEE,Metal Fabrication,Industrials,2026-10-08,,
ARE&M,Electrical Equipment & Parts,Industrials,2026-10-08,,2026-11-02
ARENTERP,Other Industrial Metals & Mining,Basic Materials,2026-10-08,,
ARFIN,Aluminum,Basic Materials,2026-10-08,,
ARIES,Agricultural Inputs,Basic Materials,2026-10-08,Fertilisers,
ARIHANT,Real Estate - Development,Real Estate,2026-10-08,,
ARIHANTCAP,Capital Markets,Financial Services,2026-10-08,,
ARIHANTSUP,Real Estate - Development,Real Estate,2026-10-08,,
ARIS,Engineering & Construction,Industrials,2026-10-08,,
ARKADE,Real Estate - Development,Real Estate,2026-10-08,,
ARMANFIN,Credit Services,Financial Services,2026-10-08,,
ARMEE,Information Technology Services,Technology,2026-10-08,,
AROGRANITE,Building Products & Equipment,Industrials,2026-10-08,Miscellaneous,
ARROWGREEN,Packaging & Containers,Consumer Cyclical,2026-10-08,,
ARSSBL,Financial Conglomerates,Financial Services,2026-10-08,,
ARTEMISMED,,,2026-10-08,,
ARTNIRMAN,Real Estate - Development,Real Estate,2026-10-08,,
ARVEE,Specialty Chemicals,Basic Materials,2026-10-08,,2026-11-03
ARVIND,Textile Manufacturing,Consumer Cyclical,2026-10-08,Textile Products,
ARVINDFASN,Apparel Retail,Consumer Cyclical,2026-10-08,,
ARVSMART,Real Estate - Development,Real Estate,2026-10-08,,
ARYAMAN,Capital Markets,Financial Services,2026-10-08,,
ASAHIINDIA,Auto Parts,Consumer Cyclical,2026-10-08,Auto Ancillaries,
ASAHISONG,Specialty Chemicals,Basic Materials,2026-10-08,Dyes And Pigments,
ASAL,Auto Parts,Consumer Cyclical,2026-10-08,Auto Ancillaries,
ASALCBR,Beverages - Wineries & Distilleries,Consumer Defensive,2026-10-08,,
ASHAPURMIN,Other Industrial Metals & Mining,Basic Materials,2026-10-08,Mining,
ASHIANA,Real Estate - Development,Real Estate,2026-10-08,Construction,
ASHIKAG,Credit Services,Financial Services,2026-10-08,,
ASHIMASYN,Real Estate - Development,Real Estate,2026-10-08,Textile Products,
ASHOKA,Engineering & Construction,Industrials,2026-10-08,Construction,
ASHOKAMET,Steel,Basic Materials,2026-10-08,,
ASHOKLEY,Farm & Heavy Construction Machinery,Industrials,2026-10-08,Automobiles - 4 Wheelers,
ASIANENE,Oil & Gas Equipment & Services,Energy,2026-10-08,,
ASIANHOTNR,Lodging,Consumer Cyclical,2026-10-08,Hotels,
ASIANPAINT,Specialty Chemicals,Basic Materials,2026-10-08,Paints,2026-10-29
ASIANTILES,Building Products & Equipment,Industrials,2026-10-08,Ceramics And Sanitaryware,
ASIANTNE,Food Distribution,Consumer Defensive,2026-10-08,,
ASKAUTOLTD,Auto Parts,Consumer Cyclical,2026-10-08,,
ASMS,Information Technology Services,Technology,2026-10-08,,
ASPINWALL,Farm Products,Consumer Defensive,2026-10-08,,
ASSAMENT,Capital Markets,Financial Services,2026-10-08,,
ASTAR,Luxury Goods,Consumer Cyclical,2026-10-08,,
ASTEC,Agricultural Inputs,Basic Materials,2026-10-08,Pesticides And Agrochemicals,
ASTERDM,Medical Care Facilities,Healthcare,2026-10-08,,
ASTRAL,Building Products & Equipment,Industrials,2026-10-08,Plastic And Plastic Products,
ASTRAMICRO,Communication Equipment,Technology,2026-10-08,Telecommunication - Equipment,
ASTRAZEN,Drug Manufacturers - Specialty & Generic,Healthcare,2026-10-08,Pharmaceuticals,
ATALREAL,Engineering & Construction,Industrials,2026-10-08,,
ATAM,Specialty Industrial Machinery,Industrials,2026-10-08,,
ATGL,Utilities - Regulated Gas,Utilities,2026-10-08,,2026-10-22
ATHERENERG,Auto Manufacturers,Consumer Cyclical,2026-10-08,,
ATL,Integrated Freight & Logistics,Industrials,2026-10-08,,
ATLANTAA,Infrastructure Operations,Industrials,2026-10-08,,
ATLANTAELE,Electrical Equipment & Parts,Industrials,2026-10-08,,
ATLASCYCLE,Leisure,Consumer Cyclical,2026-10-08,Cycles,
ATUL,Specialty Chemicals,Basic Materials,2026-10-08,Chemicals - Speciality,2026-10-23
ATULAUTO,Auto Manufacturers,Consumer Cyclical,2026-10-08,,
AUBANK,Banks - Regional,Financial Services,2026-10-08,,
AUGMONT,Luxury Goods,Consumer Cyclical,2026-10-08,,
AURIONPRO,Software - Application,Technology,2026-10-08,Computers - Software,2026-10-31
AUROPHARMA,Drug Manufacturers - Specialty & Generic,Healthcare,2026-10-08,Pharmaceuticals,
AURUM,Real Estate Services,Real Estate,2026-10-08,,
AURUS,Luxury Goods,Consumer Cyclical,2026-10-08,,
AUSOMENT,Capital Markets,Financial Services,2026-10-08,Trading,
AUSTENG,Tools & Accessories,Industrials,2026-10-08,,
AUTOAXLES,Auto Parts,Consumer Cyclical,2026-10-08,Auto Ancillaries,
AUTOIND,Auto Parts,Consumer Cyclical,2026-10-08,Auto Ancillaries,
AVADHSUGAR,Confectioners,Consumer Defensive,2026-10-08,,
AVALON,Electronic Components,Technology,2026-10-08,,
AVANCE,Information Technology Services,Technology,2026-10-08,,
AVANTEL,Communication Equipment,Technology,2026-10-08,,2026-10-26
AVANTIFEED,Packaged Foods,Consumer Defensive,2026-10-08,,
AVG,Integrated Freight & Logistics,Industrials,2026-10-08,,
AVL,Specialty Retail,Consumer Cyclical,2026-10-08,,
AVONMORE,Capital Markets,Financial Services,2026-10-08,,
AVROIND,"Furnishings, Fixtures & Appliances",Consumer Cyclical,2026-10-08,,
AVTNPL,Specialty Chemicals,Basic Materials,2026-10-08,Food And Food Processing,
AWFIS,Rental & Leasing Services,Industrials,2026-10-08,,
AWHCL,Waste Management,Industrials,2026-10-08,,
AWL,Packaged Foods,Consumer Defensive,2026-10-08,,
AXISBANK,Banks - Regional,Financial Services,2026-10-08,Banks,2026-10-17
AXISCADES,Engineering & Construction,Industrials,2026-10-08,,
AXITA,Textile Manufacturing,Consumer Cyclical,2026-10-08,,
AXTEL,Specialty Industrial Machinery,Industrials,2026-10-08,,
AYE,Credit Services,Financial Services,2026-10-08,,
AYMSYNTEX,Textile Manufacturing,Consumer Cyclical,2026-10-08,,
AZAD,Specialty Industrial Machinery,Industrials,2026-10-08,,
AZADIND,Steel,Basic Materials,2026-10-08,,
BAFNAPH,Drug Manufacturers - Specialty & Generic,Healthcare,2026-10-08,,
BAGFILMS,Broadcasting,Communication Services,2026-10-08,Media & Entertainment,
BAIDFIN,Credit Services,Financial Services,2026-10-08,,
BAJAJ-AUTO,Auto Manufacturers,Consumer Cyclical,2026-10-08,Automobiles - 2 And 3 Wheelers,2026-10-27
BAJAJCON,Household & Personal Products,Consumer Defensive,2026-10-08,,2026-10-14
BAJAJELEC,"Furnishings, Fixtures & Appliances",Consumer Cyclical,2026-10-08,Consumer Durables,2026-10-28
BAJAJFINSV,Financial Conglomerates,Financial Services,2026-10-08,Finance,2026-11-03
BAJAJHCARE,Drug Manufacturers - Specialty & Generic,Healthcare,2026-10-08,,
BAJAJHFL,Mortgage Finance,Financial Services,2026-10-08,,2026-10-16
BAJAJHIND,Confectioners,Consumer Defensive,2026-10-08,Sugar,
BAJAJHLDNG,Asset Management,Financial Services,2026-10-08,Finance,2026-11-03
BAJAJINDEF,Farm & Heavy Construction Machinery,Industrials,2026-10-08,,
BAJAJST,Specialty Industrial Machinery,Industrials,2026-10-08,,
BAJEL,Utilities - Regulated Electric,Utilities,2026-10-08,,
BAJFINANCE,Credit Services,Financial Services,2026-10-08,Finance,2026-10-19
BALAJEE,Packaging & Containers,Consumer Cyclical,2026-10-08,,
BALAJITELE,Entertainment,Communication Services,2026-10-08,Media & Entertainment,
BALAMINES,Specialty Chemicals,Basic Materials,2026-10-08,Chemicals - Inorganic,
BALAXI,Drug Manufacturers - Specialty & Generic,Healthcare,2026-10-08,,
BALKRISHNA,Packaging & Containers,Consumer Cyclical,2026-10-08,,
BALKRISIND,Auto Parts,Consumer Cyclical,2026-10-08,Tyres,
BALMLAWRIE,Conglomerates,Industrials,2026-10-08,Travel And Transport,
BALPHARMA,Drug Manufacturers - Specialty & Generic,Healthcare,2026-10-08,Pharmaceuticals,
BALRAMCHIN,Confectioners,Consumer Defensive,2026-10-08,Sugar,
BALUFORGE,Metal Fabrication,Industrials,2026-10-08,,
BANARBEADS,Footwear & Accessories,Consumer Cyclical,2026-10-08,Gems Jewellery And Watches,
BANARISUG,Confectioners,Consumer Defensive,2026-10-08,Sugar,
BANCOINDIA,Auto Parts,Consumer Cyclical,2026-10-08,Auto Ancillaries,
BANDHANBNK,Banks - Regional,Financial Services,2026-10-08,,
BANG,Apparel Manufacturing,Consumer Cyclical,2026-10-08,Textile Products,
BANKA,Pollution & Treatment Controls,Industrials,2026-10-08,,
BANKBARODA,Banks - Regional,Financial Services,2026-10-08,Banks,
BANKINDIA,Banks - Regional,Financial Services,2026-10-08,Banks,
BANSALWIRE,Steel,Basic Materials,2026-10-08,,
BANSWRAS,Textile Manufacturing,Consumer Cyclical,2026-10-08,Textiles - Synthetic,
BASF,Specialty Chemicals,Basic Materials,2026-10-08,Chemicals - Speciality,2026-11-04
BASML,Textile Manufacturing,Consumer Cyclical,2026-10-08,Textiles - Cotton,
BATAINDIA,Footwear & Accessories,Consumer Cyclical,2026-10-08,Leather And Leather Products,
BATLIBOI,Specialty Industrial Machinery,Industrials,2026-10-08,,
BAYERCROP,Agricultural Inputs,Basic Materials,2026-10-08,,
BBL,Electrical Equipment & Parts,Industrials,2026-10-08,Electrical Equipment,2026-10-27
BBOX,Software - Application,Technology,2026-10-08,,
BBTC,Packaged Foods,Consumer Defensive,2026-10-08,Food And Food Processing,
BBTCL,Packaging & Containers,Consumer Cyclical,2026-10-08,,
BCG,Advertising Agencies,Communication Services,2026-10-08,,
BCLIND,Beverages - Wineries & Distilleries,Consumer Defensive,2026-10-08,,
BCONCEPTS,Footwear & Accessories,Consumer Cyclical,2026-10-08,,
BCPL,Infrastructure Operations,Industrials,2026-10-08,,
BDL,Aerospace & Defense,Industrials,2026-10-08,,
BEARDSELL,Building Products & Equipment,Industrials,2026-10-08,Plastic And Plastic Products,
BECTORFOOD,Packaged Foods,Consumer Defensive,2026-10-08,,
BEDMUTHA,Steel,Basic Materials,2026-10-08,Steel And Steel Products,
BEEKAY,Steel,Basic Materials,2026-10-08,,
BEL,Aerospace & Defense,Industrials,2026-10-08,Electronics - Industrial,
BELLACASA,Textile Manufacturing,Consumer Cyclical,2026-10-08,,
BELRISE,Auto Parts,Consumer Cyclical,2026-10-08,,
BEML,Conglomerates,Industrials,2026-10-08,Engineering,
BENARAS,Lodging,Consumer Cyclical,2026-10-08,,
BENGALASM,Auto Parts,Consumer Cyclical,2026-10-08,,
BEPL,Chemicals,Basic Materials,2026-10-08,Petrochemicals,
BERGEPAINT,Specialty Chemicals,Basic Materials,2026-10-08,Paints,2026-11-05
BESTAGRO,Agricultural Inputs,Basic Materials,2026-10-08,,
BETA,Drug Manufacturers - Specialty & Generic,Healthcare,2026-10-08,,
BFINVEST,Asset Management,Financial Services,2026-10-08,Finance,
BFUTILITIE,Infrastructure Operations,Industrials,2026-10-08,Construction,
BGRENERGY,Engineering & Construction,Industrials,2026-10-08,Engineering,
BHAGCHEM,Agricultural Inputs,Basic Materials,2026-10-08,,
BHAGERIA,Specialty Chemicals,Basic Materials,2026-10-08,,
BHAGYANGR,Copper,Basic Materials,2026-10-08,,
BHANDARI,Apparel Manufacturing,Consumer Cyclical,2026-10-08,,
BHARATCOAL,Coking Coal,Basic Materials,2026-10-08,,
BHARATFORG,Metal Fabrication,Industrials,2026-10-08,Castings/Forgings,
BHARATGEAR,Auto Parts,Consumer Cyclical,2026-10-08,Auto Ancillaries,2026-10-30
BHARATRAS,Agricultural Inputs,Basic Materials,2026-10-08,Pesticides And Agrochemicals,
BHARATSE,Auto Parts,Consumer Cyclical,2026-10-08,,
BHARATWIRE,Steel,Basic Materials,2026-10-08,,
BHARTIARTL,Telecom Services,Communication Services,2026-10-08,Telecommunication - Services,
BHARTIHEXA,Telecom Services,Communication Services,2026-10-08,,
BHEL,Specialty Industrial Machinery,Industrials,2026-10-08,Electrical Equipment,2026-10-14
BI,Packaging & Containers,Consumer Cyclical,2026-10-08,,
BIGBLOC,Building Products & Equipment,Industrials,2026-10-08,,
BIKAJI,Packaged Foods,Consumer Defensive,2026-10-08,,
BIL,Footwear & Accessories,Consumer Cyclical,2026-10-08,Leather And Leather Products,
BILVYAPAR,Specialty Chemicals,Basic Materials,2026-10-08,,
BIMETAL,Auto Parts,Consumer Cyclical,2026-10-08,,
BIOCON,Biotechnology,Healthcare,2026-10-08,Pharmaceuticals,
BIOFILCHEM,Drug Manufacturers - Specialty & Generic,Healthcare,2026-10-08,,
BIRLACABLE,Communication Equipment,Technology,2026-10-08,,
BIRLACORPN,Building Materials,Basic Materials,2026-10-08,Cement And Cement Products,
BIRLAMONEY,Capital Markets,Financial Services,2026-10-08,Finance,2026-10-14
BIRLANU,Building Products & Equipment,Industrials,2026-10-08,,
BIRLAPREC,Tools & Accessories,Industrials,2026-10-08,,
BLACKBUCK,Software - Application,Technology,2026-10-08,,
BLACKROSE,Specialty Chemicals,Basic Materials,2026-10-08,,
BLAL,Shell Companies,Financial Services,2026-10-08,,
BLBLIMITED,Capital Markets,Financial Services,2026-10-08,Finance,
BLEL,Steel,Basic Materials,2026-10-08,,
BLIL,Conglomerates,Industrials,2026-10-08,,
BLISSGVS,Drug Manufacturers - Specialty & Generic,Healthcare,2026-10-08,Pharmaceuticals,
BLKASHYAP,Engineering & Construction,Industrials,2026-10-08,Construction,
BLS,Specialty Business Services,Industrials,2026-10-08,,
BLSE,Specialty Business Services,Industrials,2026-10-08,,
BLUECLOUDS,Information Technology Services,Technology,2026-10-08,,
BLUECOAST,Lodging,Consumer Cyclical,2026-10-08,Hotels,
BLUEDART,Integrated Freight & Logistics,Industrials,2026-10-08,Travel And Transport,
BLUEJET,Biotechnology,Healthcare,2026-10-08,,
BLUESTARCO,Building Products & Equipment,Industrials,2026-10-08,Airconditioners,2026-10-29
BLUESTONE,Luxury Goods,Consumer Cyclical,2026-10-08,,
BLUSPRING,Specialty Business Services,Industrials,2026-10-08,,
BMWVENTLTD,Steel,Basic Materials,2026-10-08,,
BNAGROCHEM,Packaged Foods,Consumer Defensive,2026-10-08,,
BNALTD,Packaged Foods,Consumer Defensive,2026-10-08,,
BODALCHEM,Specialty Chemicals,Basic Materials,2026-10-08,Dyes And Pigments,
BOHRAIND,Agricultural Inputs,Basic Materials,2026-10-08,,
BOMDYEING,Textile Manufacturing,Consumer Cyclical,2026-10-08,Textiles - Synthetic,
BONLON,Other Industrial Metals & Mining,Basic Materials,2026-10-08,,
BORANA,Textile Manufacturing,Consumer Cyclical,2026-10-08,,
BOROLTD,"Furnishings, Fixtures & Appliances",Consumer Cyclical,2026-10-08,,
BORORENEW,Solar,Technology,2026-10-08,,
BOROSCI,Packaging & Containers,Consumer Cyclical,2026-10-08,,
BOSCH-HCIL,"Furnishings, Fixtures & Appliances",Consumer Cyclical,2026-10-08,,
BOSCHLTD,Auto Parts,Consumer Cyclical,2026-10-08,Auto Ancillaries,2026-11-06
BPCL,Oil & Gas Refining & Marketing,Energy,2026-10-08,Refineries,
BPL,Consumer Electronics,Technology,2026-10-08,Consumer Durables,
BPLPHARMA,Drug Manufacturers - Specialty & Generic,Healthcare,2026-10-08,,
BRAHMINFRA,Engineering & Construction,Industrials,2026-10-08,,
BRIGADE,Real Estate - Development,Real Estate,2026-10-08,Construction,
BRIGHOTEL,Lodging,Consumer Cyclical,2026-10-08,,
BRIGHTBR,Specialty Chemicals,Basic Materials,2026-10-08,,
BRITANNIA,Packaged Foods,Consumer Defensive,2026-10-08,Food And Food Processing,
BRNL,Infrastructure Operations,Industrials,2026-10-08,,
BROOKS,Drug Manufacturers - Specialty & Generic,Healthcare,2026-10-08,Pharmaceuticals,
BSE,Financial Data & Stock Exchanges,Financial Services,2026-10-08,,
BSHSL,Agricultural Inputs,Basic Materials,2026-10-08,,
BSL,Textile Manufacturing,Consumer Cyclical,2026-10-08,Textile Products,
BSOFT,Information Technology Services,Technology,2026-10-08,,
BTML,Entertainment,Communication Services,2026-10-08,,
BTTL,Textile Manufacturing,Consumer Cyclical,2026-10-08,,
BUILDPRO,Home Improvement Retail,Consumer Cyclical,2026-10-08,,
BURNPUR,Building Materials,Basic Materials,2026-10-08,Cement And Cement Products,
BUTTERFLY,"Furnishings, Fixtures & Appliances",Consumer Cyclical,2026-10-08,,2026-10-15
BVCL,Building Materials,Basic Materials,2026-10-08,Cement And Cement Products,
BYKE,Lodging,Consumer Cyclical,2026-10-08,,
CALSOFT,Software - Application,Technology,2026-10-08,Computers - Software,
CAMLINFINE,Specialty Chemicals,Basic Materials,2026-10-08,,
CAMPUS,Footwear & Accessories,Consumer Cyclical,2026-10-08,,
CAMS,Information Technology Services,Technology,2026-10-08,,2026-10-29
CANBK,Banks - Regional,Financial Services,2026-10-08,Banks,
CANFINHOME,Mortgage Finance,Financial Services,2026-10-08,Finance - Housing,2026-10-09
CANHLIFE,Insurance - Life,Financial Services,2026-10-08,,2026-10-09
CANTABIL,Apparel Manufacturing,Consumer Cyclical,2026-10-08,Miscellaneous,
CAPACITE,Engineering & Construction,Industrials,2026-10-08,,
CAPILLARY,Software - Application,Technology,2026-10-08,,
CAPITALSFB,Banks - Regional,Financial Services,2026-10-08,,
CAPLIPOINT,Drug Manufacturers - Specialty & Generic,Healthcare,2026-10-08,,
CAPTRUST,Credit Services,Financial Services,2026-10-08,,
CARBORUNIV,Conglomerates,Industrials,2026-10-08,Abrasives,
CARERATING,Financial Data & Stock Exchanges,Financial Services,2026-10-08,Finance,
CARRARO,Auto Parts,Consumer Cyclical,2026-10-08,,
CARTRADE,Auto & Truck Dealerships,Consumer Cyclical,2026-10-08,,
CARYSIL,"Furnishings, Fixtures & Appliances",Consumer Cyclical,2026-10-08,,
CASTROLIND,Oil & Gas Refining & Marketing,Energy,2026-10-08,,2026-10-24
CCAVENUE,Software - Infrastructure,Technology,2026-10-08,,
CCCL,Engineering & Construction,Industrials,2026-10-08,Construction,
CCHHL,Lodging,Consumer Cyclical,2026-10-08,,
CCL,Packaged Foods,Consumer Defensive,2026-10-08,Tea And Coffee,
CDSL,Capital Markets,Financial Services,2026-10-08,,
CEATLTD,Auto Parts,Consumer Cyclical,2026-10-08,Tyres,2026-10-14
CEIGALL,Engineering & Construction,Industrials,2026-10-08,,
CEINSYS,Engineering & Construction,Industrials,2026-10-08,,
CELEBRITY,Apparel Manufacturing,Consumer Cyclical,2026-10-08,Textile Products,
CELLO,"Furnishings, Fixtures & Appliances",Consumer Cyclical,2026-10-08,,
CEMPRO,Engineering & Construction,Industrials,2026-10-08,,
CENTENKA,Textile Manufacturing,Consumer Cyclical,2026-10-08,Textiles - Synthetic,
CENTEXT,Aluminum,Basic Materials,2026-10-08,Aluminium,
CENTEXT-RE,,,2026-10-08,,
CENTRALBK,Banks - Regional,Financial Services,2026-10-08,Banks,
CENTRUM,Financial Conglomerates,Financial Services,2026-10-08,,2026-11-13
CENTUM,Electronic Components,Technology,2026-10-08,Electronics - Industrial,
CENTURYPLY,Lumber & Wood Production,Basic Materials,2026-10-08,Construction,
CERA,Building Products & Equipment,Industrials,2026-10-08,Ceramics And Sanitaryware,
CESC,Utilities - Regulated Electric,Utilities,2026-10-08,Power,
CEWATER,Utilities - Regulated Water,Utilities,2026-10-08,,
CFEL,Utilities - Regulated Gas,Utilities,2026-10-08,,
CGCL,Credit Services,Financial Services,2026-10-08,,
CGPOWER,Electrical Equipment & Parts,Industrials,2026-10-08,,
CGVAK,Software - Application,Technology,2026-10-08,,
CHALET,Lodging,Consumer Cyclical,2026-10-08,,
CHAMBLFERT,Agricultural Inputs,Basic Materials,2026-10-08,Fertilisers,
CHEMBOND,Specialty Chemicals,Basic Materials,2026-10-08,,
CHEMBONDCH,Specialty Chemicals,Basic Materials,2026-10-08,,
CHEMCON,Specialty Chemicals,Basic Materials,2026-10-08,,
CHEMCRUX,Specialty Chemicals,Basic Materials,2026-10-08,,
CHEMFAB,Specialty Chemicals,Basic Materials,2026-10-08,,
CHEMPLASTS,Chemicals,Basic Materials,2026-10-08,,
CHENNPETRO,Oil & Gas Refining & Marketing,Energy,2026-10-08,Refineries,
CHEVIOT,Textile Manufacturing,Consumer Cyclical,2026-10-08,,
CHOICEIN,Capital Markets,Financial Services,2026-10-08,,
CHOLAFIN,Credit Services,Financial Services,2026-10-08,Finance,
CHOLAHLDNG,Credit Services,Financial Services,2026-10-08,,2026-11-06
CIEINDIA,Auto Parts,Consumer Cyclical,2026-10-08,,2026-10-22
CIFL,Credit Services,Financial Services,2026-10-08,,
CINELINE,Entertainment,Communication Services,2026-10-08,,
CINEVISTA,Entertainment,Communication Services,2026-10-08,Media & Entertainment,
CIPLA,Drug Manufacturers - Specialty & Generic,Healthcare,2026-10-08,Pharmaceuticals,2026-10-27
CLEAN,Specialty Chemicals,Basic Materials,2026-10-08,,
CLEANMAX,Utilities - Renewable,Utilities,2026-10-08,,
CLEDUCATE,Education & Training Services,Consumer Defensive,2026-10-08,,
CLSEL,Packaged Foods,Consumer Defensive,2026-10-08,,
CMLL,Thermal Coal,Energy,2026-10-08,,
CMPDI,Other Industrial Metals & Mining,Basic Materials,2026-10-08,,
CMRGREEN,Aluminum,Basic Materials,2026-10-08,,
CMSINFO,Specialty Business Services,Industrials,2026-10-08,,
CNL,Electronics & Computer Distribution,Technology,2026-10-08,,
COALINDIA,Thermal Coal,Energy,2026-10-08,Mining,
COASTCORP,Packaged Foods,Consumer Defensive,2026-10-08,,
COCHINSHIP,Aerospace & Defense,Industrials,2026-10-08,,
COCKERILL,Metal Fabrication,Industrials,2026-10-08,,
COFFEEDAY,Restaurants,Consumer Cyclical,2026-10-08,,2026-11-06
COFORGE,Information Technology Services,Technology,2026-10-08,,2026-10-23
COHANCE,Drug Manufacturers - Specialty & Generic,Healthcare,2026-10-08,,
COLPAL,Household & Personal Products,Consumer Defensive,2026-10-08,Personal Care,
COMFINTE,Conglomerates,Industrials,2026-10-08,,
COMPEAU,Auto & Truck Dealerships,Consumer Cyclical,2026-10-08,,
COMPUSOFT,Education & Training Services,Consumer Defensive,2026-10-08,Computers - Software,
COMSYN,Packaging & Containers,Consumer Cyclical,2026-10-08,,
CONCOR,Railroads,Industrials,2026-10-08,Travel And Transport,
CONCORDBIO,Biotechnology,Healthcare,2026-10-08,,
CONFIPET,Oil & Gas Refining & Marketing,Energy,2026-10-08,,
CONSOFINVT,Capital Markets,Financial Services,2026-10-08,Finance,
CONTROLPR,Business Equipment & Supplies,Industrials,2026-10-08,,
CORALFINAC,Real Estate Services,Real Estate,2026-10-08,,
CORDELIA,Marine Shipping,Industrials,2026-10-08,,2026-10-09
CORDSCABLE,Electrical Equipment & Parts,Industrials,2026-10-08,Miscellaneous,
COROMANDEL,Agricultural Inputs,Basic Materials,2026-10-08,Fertilisers,
CORONA,Drug Manufacturers - General,Healthcare,2026-10-08,,
COSMOFIRST,Packaging & Containers,Consumer Cyclical,2026-10-08,,
COUNCODOS,Real Estate - Development,Real Estate,2026-10-08,Pharmaceuticals,
CPCAP,Credit Services,Financial Services,2026-10-08,,
CPEDU,Education & Training Services,Consumer Defensive,2026-10-08,,
CPL,Farm & Heavy Construction Machinery,Industrials,2026-10-08,,
CPPLUS,Building Products & Equipment,Industrials,2026-10-08,,
CRAFTSMAN,Auto Parts,Consumer Cyclical,2026-10-08,,
CRAMC,Asset Management,Financial Services,2026-10-08,,2026-10-09
CRAVATEX,Leisure,Consumer Cyclical,2026-10-08,,
CREATIVEYE,Entertainment,Communication Services,2026-10-08,Media & Entertainment,
CREDITACC,Credit Services,Financial Services,2026-10-08,,
CREST,Financial Conglomerates,Financial Services,2026-10-08,,
CRESTO,Entertainment,Communication Services,2026-10-08,,
CRISIL,Financial Data & Stock Exchanges,Financial Services,2026-10-08,Finance,2026-10-23
CRIZAC,Education & Training Services,Consumer Defensive,2026-10-08,,
CROMPTON,"Furnishings, Fixtures & Appliances",Consumer Cyclical,2026-10-08,,2026-10-16
CROWN,Rental & Leasing Services,Industrials,2026-10-08,,
CSBBANK,Banks - Regional,Financial Services,2026-10-08,,2026-10-23
CSLFINANCE,Credit Services,Financial Services,2026-10-08,,
CSM,Information Technology Services,Technology,2026-10-08,,
CTE,Information Technology Services,Technology,2026-10-08,Computers - Software,
CUB,Banks - Regional,Financial Services,2026-10-08,Banks,
CUBEXTUB,Copper,Basic Materials,2026-10-08,Metals,
CUMMINSIND,Specialty Industrial Machinery,Industrials,2026-10-08,Diesel Engines,2026-11-04
CUPID,Household & Personal Products,Consumer Defensive,2026-10-08,,
CURAA,Software - Application,Technology,2026-10-08,,
CYBERMEDIA,Publishing,Communication Services,2026-10-08,Printing And Publishing,
CYBERTECH,Information Technology Services,Technology,2026-10-08,Computers - Software,
CYIENT,Conglomerates,Industrials,2026-10-08,,2026-10-22
CYIENTDLM,Aerospace & Defense,Industrials,2026-10-08,,2026-10-15
DABUR,Household & Personal Products,Consumer Defensive,2026-10-08,Personal Care,2026-11-04
DAICHI,Specialty Chemicals,Basic Materials,2026-10-08,,
DALBHARAT,Building Materials,Basic Materials,2026-10-08,,
DALMIASUG,Confectioners,Consumer Defensive,2026-10-08,Sugar,
DAMCAPITAL,Capital Markets,Financial Services,2026-10-08,,
DAMODARIND,Textile Manufacturing,Consumer Cyclical,2026-10-08,,
DANGEE,Restaurants,Consumer Cyclical,2026-10-08,,
DATAMATICS,Information Technology Services,Technology,2026-10-08,Computers - Software,
DATAPATTNS,Aerospace & Defense,Industrials,2026-10-08,,
DAVANGERE,Confectioners,Consumer Defensive,2026-10-08,,
DBCORP,Publishing,Communication Services,2026-10-08,Printing And Publishing,
DBEIL,Engineering & Construction,Industrials,2026-10-08,,
DBL,Engineering & Construction,Industrials,2026-10-08,,
DBOL,Farm Products,Consumer Defensive,2026-10-08,,
DBREALTY,Real Estate - Development,Real Estate,2026-10-08,Construction,
DBSTOCKBRO,Capital Markets,Financial Services,2026-10-08,Finance,
DCAL,Biotechnology,Healthcare,2026-10-08,,
DCBBANK,Banks - Regional,Financial Services,2026-10-08,,
DCI,Electronics & Computer Distribution,Technology,2026-10-08,,
DCM,Metal Fabrication,Industrials,2026-10-08,Textiles - Cotton,
DCMFINSERV,Credit Services,Financial Services,2026-10-08,,
DCMNVL,Textile Manufacturing,Consumer Cyclical,2026-10-08,,
DCMSHRIRAM,Conglomerates,Industrials,2026-10-08,,
DCMSIL,Industrial Distribution,Industrials,2026-10-08,,
DCMSRIND,Confectioners,Consumer Defensive,2026-10-08,,
DCW,Chemicals,Basic Materials,2026-10-08,Chemicals - Inorganic,
DCXINDIA,Aerospace & Defense,Industrials,2026-10-08,,
DDEVPLSTIK,Specialty Chemicals,Basic Materials,2026-10-08,,
DECCANCE,Building Materials,Basic Materials,2026-10-08,Cement And Cement Products,
DECNGOLD,Gold,Basic Materials,2026-10-08,,
DEEDEV,Metal Fabrication,Industrials,2026-10-08,,
DEEP,Specialty Chemicals,Basic Materials,2026-10-08,,
DEEPA,Luxury Goods,Consumer Cyclical,2026-10-08,,
DEEPAKFERT,Chemicals,Basic Materials,2026-10-08,Chemicals - Inorganic,
DEEPAKNTR,Chemicals,Basic Materials,2026-10-08,Chemicals - Organic,
DEEPINDS,Oil & Gas E&P,Energy,2026-10-08,,
DELHIVERY,Integrated Freight & Logistics,Industrials,2026-10-08,,
DELPHIFX,Capital Markets,Financial Services,2026-10-08,,
DELTACORP,Resorts & Casinos,Consumer Cyclical,2026-10-08,Construction,
DELTAMAGNT,Textile Manufacturing,Consumer Cyclical,2026-10-08,Auto Ancillaries,
DEN,Entertainment,Communication Services,2026-10-08,Media & Entertainment,2026-10-13
DENORA,Electrical Equipment & Parts,Industrials,2026-10-08,Electrical Equipment,
DENTA,Engineering & Construction,Industrials,2026-10-08,,
DEVIT,Information Technology Services,Technology,2026-10-08,,
DEVX,Real Estate Services,Real Estate,2026-10-08,,
DEVYANI,Restaurants,Consumer Cyclical,2026-10-08,,
DGCONTENT,Internet Content & Information,Communication Services,2026-10-08,,
DHABRIYA,Building Products & Equipment,Industrials,2026-10-08,,
DHAMPURSUG,Confectioners,Consumer Defensive,2026-10-08,Sugar,
DHANBANK,Banks - Regional,Financial Services,2026-10-08,Banks,
DHANUKA,Agricultural Inputs,Basic Materials,2026-10-08,Pesticides And Agrochemicals,
DHARMAJ,Agricultural Inputs,Basic Materials,2026-10-08,,
DHATRE,Steel,Basic Materials,2026-10-08,,
DHOOTTRANS,Auto Parts,Consumer Cyclical,2026-10-08,,
DHRUV,Engineering & Construction,Industrials,2026-10-08,,
DHUNINV,Capital Markets,Financial Services,2026-10-08,Finance,
DIACABS,Specialty Industrial Machinery,Industrials,2026-10-08,,
DIAMINESQ,Chemicals,Basic Materials,2026-10-08,,
DIAMONDYD,Packaged Foods,Consumer Defensive,2026-10-08,,
DICIND,Specialty Chemicals,Basic Materials,2026-10-08,Chemicals - Speciality,
DIFFNKG,Specialty Industrial Machinery,Industrials,2026-10-08,,
DIGIDRIVE,Internet Retail,Consumer Cyclical,2026-10-08,,
DIGISPICE,Financial Conglomerates,Financial Services,2026-10-08,,
DIGITIDE,Specialty Business Services,Industrials,2026-10-08,,
DIGJAMLMTD,Textile Manufacturing,Consumer Cyclical,2026-10-08,,
DISAQ,,,2026-10-08,,
DISHTV,Entertainment,Communication Services,2026-10-08,Media & Entertainment,
DIVGIITTS,Auto Parts,Consumer Cyclical,2026-10-08,,
DIVISLAB,Drug Manufacturers - Specialty & Generic,Healthcare,2026-10-08,Pharmaceuticals,
DIXON,Consumer Electronics,Technology,2026-10-08,,
DJML,Specialty Business Services,Industrials,2026-10-08,,
DLF,Real Estate - Development,Real Estate,2026-10-08,Construction,
DLINKINDIA,Communication Equipment,Technology,2026-10-08,Computers - Hardware,2026-10-31
DMART,Discount Stores,Consumer Defensive,2026-10-08,,2026-10-10
DMCC,Chemicals,Basic Materials,2026-10-08,,
DNAMEDIA,Publishing,Communication Services,2026-10-08,,
DODLA,Food Distribution,Consumer Defensive,2026-10-08,,
DOLATALGO,Capital Markets,Financial Services,2026-10-08,,
DOLLAR,Apparel Manufacturing,Consumer Cyclical,2026-10-08,,
DOLLEX,Confectioners,Consumer Defensive,2026-10-08,,
DOLPHIN,Oil & Gas Equipment & Services,Energy,2026-10-08,,
DOMS,Business Equipment & Supplies,Industrials,2026-10-08,,
DONEAR,Textile Manufacturing,Consumer Cyclical,2026-10-08,Textile Products,
DPABHUSHAN,Luxury Goods,Consumer Cyclical,2026-10-08,,
DPSCLTD,Utilities - Regulated Electric,Utilities,2026-10-08,Power,
DPWIRES,Metal Fabrication,Industrials,2026-10-08,,
DRAGARWQ,Medical Care Facilities,Healthcare,2026-10-08,,
DRCSYSTEMS,Information Technology Services,Technology,2026-10-08,,
DREAMFOLKS,Airports & Air Services,Industrials,2026-10-08,,
DREDGECORP,Engineering & Construction,Industrials,2026-10-08,Shipping,
DRREDDY,Drug Manufacturers - Specialty & Generic,Healthcare,2026-10-08,Pharmaceuticals,2026-10-23
DSFCL,Specialty Chemicals,Basic Materials,2026-10-08,,
DSKULKARNI,Real Estate - Development,Real Estate,2026-10-08,Construction,
DSSL,Information Technology Services,Technology,2026-10-08,Computers - Software,
DTIL,Packaged Foods,Consumer Defensive,2026-10-08,,
DUCON,Specialty Industrial Machinery,Industrials,2026-10-08,,
DVL,Capital Markets,Financial Services,2026-10-08,,
DWARKESH,Confectioners,Consumer Defensive,2026-10-08,Sugar,
DYCL,Electrical Equipment & Parts,Industrials,2026-10-08,,
DYNAMATECH,Auto Parts,Consumer Cyclical,2026-10-08,Compressors / Pumps,
DYNPRO,Specialty Chemicals,Basic Materials,2026-10-08,,
E2E,Software - Infrastructure,Technology,2026-10-08,,
EASEMYTRIP,Travel Services,Consumer Cyclical,2026-10-08,,
EASTSILK,Textile Manufacturing,Consumer Cyclical,2026-10-08,Textile Products,
EASTWEST,Integrated Freight & Logistics,Industrials,2026-10-08,,
EBGNG,Computer Hardware,Technology,2026-10-08,,
EBIX,Software - Application,Technology,2026-10-08,,
ECLERX,Information Technology Services,Technology,2026-10-08,Computers - Software,
ECORECO,Waste Management,Industrials,2026-10-08,,
ECOSMOBLTY,Rental & Leasing Services,Industrials,2026-10-08,,
EDELWEISS,Financial Conglomerates,Financial Services,2026-10-08,Finance,
EFCIL,Real Estate Services,Real Estate,2026-10-08,,
EICHERMOT,Auto Manufacturers,Consumer Cyclical,2026-10-08,Automobiles - 4 Wheelers,
EIDPARRY,Agricultural Inputs,Basic Materials,2026-10-08,Sugar,
EIEL,Engineering & Construction,Industrials,2026-10-08,,
EIFFL,Packaged Foods,Consumer Defensive,2026-10-08,,
EIHAHOTELS,Lodging,Consumer Cyclical,2026-10-08,Hotels,
EIHOTEL,Lodging,Consumer Cyclical,2026-10-08,Hotels,
EIMCOELECO,Farm & Heavy Construction Machinery,Industrials,2026-10-08,Engineering,2026-10-13
EKC,Specialty Industrial Machinery,Industrials,2026-10-08,Gas,
EKI,Consulting Services,Industrials,2026-10-08,,
ELANTAS,Specialty Chemicals,Basic Materials,2026-10-08,,
ELCIDIN,,,2026-10-08,,
ELDEHSG,Real Estate Services,Real Estate,2026-10-08,,
ELECON,Specialty Industrial Machinery,Industrials,2026-10-08,Engineering,2026-10-14
ELECTCAST,Building Products & Equipment,Industrials,2026-10-08,Castings/Forgings,
ELECTHERM,Steel,Basic Materials,2026-10-08,Steel And Steel Products,
ELEVATE,Lodging,Consumer Cyclical,2026-10-08,,2026-10-19
ELGIEQUIP,Specialty Industrial Machinery,Industrials,2026-10-08,Compressors / Pumps,
ELGIRUBCO,Auto Parts,Consumer Cyclical,2026-10-08,Tyres,
ELIN,Electrical Equipment & Parts,Industrials,2026-10-08,,
ELITECON,Tobacco,Consumer Defensive,2026-10-08,,
ELLEN,Chemicals,Basic Materials,2026-10-08,,
ELPROINTL,Real Estate Services,Real Estate,2026-10-08,,
EMAMILTD,Household & Personal Products,Consumer Defensive,2026-10-08,Personal Care,
EMAMIPAP,Paper & Paper Products,Basic Materials,2026-10-08,,
EMAMIREAL,Real Estate - Development,Real Estate,2026-10-08,,
EMBDL,Real Estate - Diversified,Real Estate,2026-10-08,,
EMCURE,Drug Manufacturers - Specialty & Generic,Healthcare,2026-10-08,,
EMIL,Specialty Retail,Consumer Cyclical,2026-10-08,,
EMKAY,Capital Markets,Financial Services,2026-10-08,Finance,
EMMBI,Packaging & Containers,Consumer Cyclical,2026-10-08,Packaging,
EMMVEE,Solar,Technology,2026-10-08,,2026-10-14
EMPIND,Conglomerates,Industrials,2026-10-08,,
EMPOWER,Electronics & Computer Distribution,Technology,2026-10-08,,
EMSLIMITED,Engineering & Construction,Industrials,2026-10-08,,
EMUDHRA,Software - Application,Technology,2026-10-08,,
ENDURANCE,Auto Parts,Consumer Cyclical,2026-10-08,,2026-11-03
ENERGYDEV,Utilities - Regulated Electric,Utilities,2026-10-08,Power,
ENGINERSIN,Engineering & Construction,Industrials,2026-10-08,Engineering,
ENIL,Broadcasting,Communication Services,2026-10-08,Media & Entertainment,
ENKEIWHEL,Auto Parts,Consumer Cyclical,2026-10-08,,
ENRIN,Utilities - Renewable,Utilities,2026-10-08,,
ENTERO,Medical Distribution,Healthcare,2026-10-08,,
EPACK,"Furnishings, Fixtures & Appliances",Consumer Cyclical,2026-10-08,,
EPACKPEB,Engineering & Construction,Industrials,2026-10-08,,
EPIGRAL,Chemicals,Basic Materials,2026-10-08,,
EPL,Packaging & Containers,Consumer Cyclical,2026-10-08,,
EQUIPPP,Information Technology Services,Technology,2026-10-08,,
EQUITASBNK,Banks - Regional,Financial Services,2026-10-08,,
ERIS,Drug Manufacturers - Specialty & Generic,Healthcare,2026-10-08,,
ESABINDIA,Tools & Accessories,Industrials,2026-10-08,Electrodes,2026-11-04
ESAFSFB,Banks - Regional,Financial Services,2026-10-08,,
ESCORTS,Farm & Heavy Construction Machinery,Industrials,2026-10-08,Automobiles - 4 Wheelers,
ESDS,Information Technology Services,Technology,2026-10-08,,
ESSARSHPNG,Marine Shipping,Industrials,2026-10-08,Shipping,
ESSENTIA,Food Distribution,Consumer Defensive,2026-10-08,,
ESTER,Specialty Chemicals,Basic Materials,2026-10-08,Packaging,
ETERNAL,Internet Retail,Consumer Cyclical,2026-10-08,,
ETHOSLTD,Luxury Goods,Consumer Cyclical,2026-10-08,,
EUREKAFORB,"Furnishings, Fixtures & Appliances",Consumer Cyclical,2026-10-08,,
EUROBOND,Building Products & Equipment,Industrials,2026-10-08,,
EUROPRATIK,Building Materials,Basic Materials,2026-10-08,,
EUROTEXIND,Real Estate - Development,Real Estate,2026-10-08,Textiles - Cotton,
EVEREADY,Electrical Equipment & Parts,Industrials,2026-10-08,Electrical Equipment,
EVERESTIND,Building Products & Equipment,Industrials,2026-10-08,Cement And Cement Products,
EXCELINDUS,Specialty Chemicals,Basic Materials,2026-10-08,Pesticides And Agrochemicals,
EXCELSOFT,Software - Application,Technology,2026-10-08,,
EXICOM,Electrical Equipment & Parts,Industrials,2026-10-08,,
EXIDEIND,Auto Parts,Consumer Cyclical,2026-10-08,Auto Ancillaries,2026-11-04
EXPLEOSOL,Information Technology Services,Technology,2026-10-08,,
EXXARO,Building Products & Equipment,Industrials,2026-10-08,,
FABTECH,Health Information Services,Healthcare,2026-10-08,,
FACT,Agricultural Inputs,Basic Materials,2026-10-08,Fertilisers,
FAIRCHEMOR,Specialty Chemicals,Basic Materials,2026-10-08,,
FAZE3Q,Textile Manufacturing,Consumer Cyclical,2026-10-08,,
FCL,Specialty Chemicals,Basic Materials,2026-10-08,,
FCSSOFT,Information Technology Services,Technology,2026-10-08,Computers - Software,
FDC,Drug Manufacturers - Specialty & Generic,Healthcare,2026-10-08,Pharmaceuticals,
FEDDERSHOL,Credit Services,Financial Services,2026-10-08,,
FEDERALBNK,Banks - Regional,Financial Services,2026-10-08,Banks,2026-10-16
FEDFINA,Credit Services,Financial Services,2026-10-08,,
FERMENTA,Drug Manufacturers - Specialty & Generic,Healthcare,2026-10-08,,
FIBERWEB,Textile Manufacturing,Consumer Cyclical,2026-10-08,,
FIEMIND,Auto Parts,Consumer Cyclical,2026-10-08,Auto Ancillaries,
FILATEX,Textile Manufacturing,Consumer Cyclical,2026-10-08,Textiles - Synthetic,
FILATFASH,Apparel Manufacturing,Consumer Cyclical,2026-10-08,,
FINCABLES,Electrical Equipment & Parts,Industrials,2026-10-08,Cables - Power,
FINEORG,Specialty Chemicals,Basic Materials,2026-10-08,,
FINKURVE,Credit Services,Financial Services,2026-10-08,,
FINOPB,Banks - Regional,Financial Services,2026-10-08,,
FINPIPE,Building Products & Equipment,Industrials,2026-10-08,Plastic And Plastic Products,
FIRSTCRY,Internet Retail,Consumer Cyclical,2026-10-08,,
FISCHER,Medical Devices,Healthcare,2026-10-08,,
FIVESTAR,Credit Services,Financial Services,2026-10-08,,
FLAIR,Business Equipment & Supplies,Industrials,2026-10-08,,
FLEXITUFF,Textile Manufacturing,Consumer Cyclical,2026-10-08,Packaging,
FLUOROCHEM,Specialty Chemicals,Basic Materials,2026-10-08,,
FMGOETZE,Auto Parts,Consumer Cyclical,2026-10-08,Auto Ancillaries,
FMNL,Real Estate Services,Real Estate,2026-10-08,Miscellaneous,
FOCUS,"Furnishings, Fixtures & Appliances",Consumer Cyclical,2026-10-08,,
FOODSIN,Packaged Foods,Consumer Defensive,2026-10-08,,
FORCEMOT,Auto Manufacturers,Consumer Cyclical,2026-10-08,,
FORTIS,Medical Care Facilities,Healthcare,2026-10-08,Miscellaneous,
FOSECOIND,Chemicals,Basic Materials,2026-10-08,Chemicals - Speciality,2026-11-06
FRACTAL,Software - Infrastructure,Technology,2026-10-08,,2026-11-03
FREDUN,Drug Manufacturers - Specialty & Generic,Healthcare,2026-10-08,,
FRONTSP,Metal Fabrication,Industrials,2026-10-08,,
FSL,Information Technology Services,Technology,2026-10-08,Computers - Software,
FUSION,Credit Services,Financial Services,2026-10-08,,
GABRIEL,Auto Parts,Consumer Cyclical,2026-10-08,Auto Ancillaries,
GAEL,Packaged Foods,Consumer Defensive,2026-10-08,Solvent Extraction,
GAIL,Utilities - Regulated Gas,Utilities,2026-10-08,Gas,
GAJA,Asset Management,Financial Services,2026-10-08,,
GALAPREC,Specialty Industrial Machinery,Industrials,2026-10-08,,
GALAXYSURF,Specialty Chemicals,Basic Materials,2026-10-08,,
GALLANTT,Steel,Basic Materials,2026-10-08,Steel And Steel Products,
GANDHAR,Oil & Gas Refining & Marketing,Energy,2026-10-08,,
GANDHITUBE,Metal Fabrication,Industrials,2026-10-08,Steel And Steel Products,
GANECOS,Textile Manufacturing,Consumer Cyclical,2026-10-08,,
GANESHBE,Specialty Chemicals,Basic Materials,2026-10-08,,
GANESHCP,Packaged Foods,Consumer Defensive,2026-10-08,,
GANESHHOU,Real Estate - Development,Real Estate,2026-10-08,,
GANGAFORGE,Metal Fabrication,Industrials,2026-10-08,,
GANGESSECU,Packaged Foods,Consumer Defensive,2026-10-08,,
GARFIBRES,Textile Manufacturing,Consumer Cyclical,2026-10-08,,
GARUDA,Engineering & Construction,Industrials,2026-10-08,,
GATECH,Asset Management,Financial Services,2026-10-08,,
GATECHDVR,Asset Management,Financial Services,2026-10-08,,
GATEWAY,Integrated Freight & Logistics,Industrials,2026-10-08,,
GAUDIUMIVF,Medical Care Facilities,Healthcare,2026-10-08,,
GAYAHWS,Infrastructure Operations,Industrials,2026-10-08,,
GAYAPROJ,Engineering & Construction,Industrials,2026-10-08,Construction,
GCSL,Capital Markets,Financial Services,2026-10-08,,
GEECEE,Real Estate - Development,Real Estate,2026-10-08,Chemicals - Organic,
GEEKAYWIRE,Electrical Equipment & Parts,Industrials,2026-10-08,,
GEMAROMA,Chemicals,Basic Materials,2026-10-08,,
GENCON,Engineering & Construction,Industrials,2026-10-08,,
GENESYS,Software - Application,Technology,2026-10-08,Computers - Software,
GENUSPAPER,Paper & Paper Products,Basic Materials,2026-10-08,,
GENUSPOWER,Electrical Equipment & Parts,Industrials,2026-10-08,Electronics - Industrial,
GEOJITFSL,Capital Markets,Financial Services,2026-10-08,,
GERMAN,Steel,Basic Materials,2026-10-08,,
GESHIP,Marine Shipping,Industrials,2026-10-08,Shipping,
GFLLIMITED,Asset Management,Financial Services,2026-10-08,,
GFSTEELS,Steel,Basic Materials,2026-10-08,,
GHCL,Chemicals,Basic Materials,2026-10-08,Chemicals - Inorganic,
GHCLTEXTIL,Textile Manufacturing,Consumer Cyclical,2026-10-08,,
GICHSGFIN,Mortgage Finance,Financial Services,2026-10-08,Finance - Housing,
GICL,Integrated Freight & Logistics,Industrials,2026-10-08,,
GICRE,Insurance - Reinsurance,Financial Services,2026-10-08,,
GILLANDERS,Farm Products,Consumer Defensive,2026-10-08,Textiles - Synthetic,
GILLETTE,Household & Personal Products,Consumer Defensive,2026-10-08,Personal Care,2026-11-13
GINNIFILA,Textile Manufacturing,Consumer Cyclical,2026-10-08,Textiles - Cotton,
GIPCL,Utilities - Regulated Electric,Utilities,2026-10-08,Power,
GKB,Medical Instruments & Supplies,Healthcare,2026-10-08,,
GKENERGY,Utilities - Renewable,Utilities,2026-10-08,,
GKSL,Medical Care Facilities,Healthcare,2026-10-08,,
GKWLIMITED,Specialty Business Services,Industrials,2026-10-08,Steel And Steel Products,
GLAND,Drug Manufacturers - Specialty & Generic,Healthcare,2026-10-08,,
GLASSWALL,Engineering & Construction,Industrials,2026-10-08,,
GLAXO,Drug Manufacturers - General,Healthcare,2026-10-08,Pharmaceuticals,
GLENMARK,Drug Manufacturers - Specialty & Generic,Healthcare,2026-10-08,Pharmaceuticals,
GLFL,Shell Companies,Financial Services,2026-10-08,Finance,
GLOBAL,Education & Training Services,Consumer Defensive,2026-10-08,,
GLOBALE,Textile Manufacturing,Consumer Cyclical,2026-10-08,,
GLOBALVECT,Airports & Air Services,Industrials,2026-10-08,Travel And Transport,
GLOBE,Textile Manufacturing,Consumer Cyclical,2026-10-08,,
GLOBECIVIL,Engineering & Construction,Industrials,2026-10-08,,
GLOBUSSPR,Beverages - Wineries & Distilleries,Consumer Defensive,2026-10-08,Brew/Distilleries,2026-10-30
GLOSTERLTD,Textile Manufacturing,Consumer Cyclical,2026-10-08,,
GLOTTIS,Integrated Freight & Logistics,Industrials,2026-10-08,,
GMBREW,Beverages - Wineries & Distilleries,Consumer Defensive,2026-10-08,Brew/Distilleries,2026-10-08
GMDCLTD,Thermal Coal,Energy,2026-10-08,Mining,
GMMPFAUDLR,Specialty Industrial Machinery,Industrials,2026-10-08,,
GMRAIRPORT,Airports & Air Services,Industrials,2026-10-08,,
GMRP&UI,Thermal Coal,Energy,2026-10-08,,
GNA,Auto Parts,Consumer Cyclical,2026-10-08,,
GNFC,Chemicals,Basic Materials,2026-10-08,Fertilisers,
GNRL,Oil & Gas E&P,Energy,2026-10-08,,
GOACARBON,Specialty Chemicals,Basic Materials,2026-10-08,Metals,
GOCLCORP,Specialty Chemicals,Basic Materials,2026-10-08,,
GOCOLORS,Apparel Retail,Consumer Cyclical,2026-10-08,,
GODAVARIB,Chemicals,Basic Materials,2026-10-08,,
GODFRYPHLP,Tobacco,Consumer Defensive,2026-10-08,Cigarettes,
GODIGIT,Insurance - Property & Casualty,Financial Services,2026-10-08,,
GODREJAGRO,Packaged Foods,Consumer Defensive,2026-10-08,,
GODREJCP,Household & Personal Products,Consumer Defensive,2026-10-08,Personal Care,2026-10-29
GODREJIND,Conglomerates,Industrials,2026-10-08,Chemicals - Inorganic,
GODREJPROP,Real Estate - Development,Real Estate,2026-10-08,Construction,2026-10-23
GOKEX,Apparel Manufacturing,Consumer Cyclical,2026-10-08,Textile Products,
GOKUL,Packaged Foods,Consumer Defensive,2026-10-08,Food And Food Processing,
GOKULAGRO,Packaged Foods,Consumer Defensive,2026-10-08,,
GOLDIAM,Luxury Goods,Consumer Cyclical,2026-10-08,Gems Jewellery And Watches,
GOLDTECH,Information Technology Services,Technology,2026-10-08,Computers - Software,
GOODLUCK,Steel,Basic Materials,2026-10-08,,
GOODYEAR,Auto Parts,Consumer Cyclical,2026-10-08,,
GOPAL,Packaged Foods,Consumer Defensive,2026-10-08,,
GOYALALUM,Aluminum,Basic Materials,2026-10-08,,
GPIL,Steel,Basic Materials,2026-10-08,Steel And Steel Products,
GPPL,Marine Shipping,Industrials,2026-10-08,Shipping,
GPTHEALTH,Medical Care Facilities,Healthcare,2026-10-08,,
GPTINFRA,Engineering & Construction,Industrials,2026-10-08,,
GRADIENTE,Entertainment,Communication Services,2026-10-08,,2026-10-12
GRANDOAK,Mortgage Finance,Financial Services,2026-10-08,,
GRANULES,Drug Manufacturers - Specialty & Generic,Healthcare,2026-10-08,Pharmaceuticals,
GRAPHITE,Electrical Equipment & Parts,Industrials,2026-10-08,Electrodes,
GRASIM,Building Materials,Basic Materials,2026-10-08,Cement And Cement Products,
GRAUWEIL,Specialty Chemicals,Basic Materials,2026-10-08,,
GRAVISSHO,Lodging,Consumer Cyclical,2026-10-08,,
GRAVITA,Metal Fabrication,Industrials,2026-10-08,Mining,
GREAVESCOT,Specialty Industrial Machinery,Industrials,2026-10-08,Diesel Engines,
GREENLAM,Lumber & Wood Production,Basic Materials,2026-10-08,,
GREENPANEL,Lumber & Wood Production,Basic Materials,2026-10-08,,
GREENPLY,Lumber & Wood Production,Basic Materials,2026-10-08,Construction,
GREENPOWER,Utilities - Independent Power Producers,Utilities,2026-10-08,Power,
GRINDWELL,Building Products & Equipment,Industrials,2026-10-08,Abrasives,
GRINFRA,Engineering & Construction,Industrials,2026-10-08,,
GRMOVER,Packaged Foods,Consumer Defensive,2026-10-08,,
GROBTEA,Farm Products,Consumer Defensive,2026-10-08,,
GROWW,Capital Markets,Financial Services,2026-10-08,,2026-10-14
GRPLTD,Auto Parts,Consumer Cyclical,2026-10-08,,
GRSE,Aerospace & Defense,Industrials,2026-10-08,,
GRWRHITECH,Specialty Chemicals,Basic Materials,2026-10-08,,
GSFC,Agricultural Inputs,Basic Materials,2026-10-08,Fertilisers,2026-10-12
GSLSU,Building Materials,Basic Materials,2026-10-08,,
GSPCROP,Agricultural Inputs,Basic Materials,2026-10-08,,
GSPLTRANS,Oil & Gas Midstream,Energy,2026-10-08,,2026-11-03
GSS,Information Technology Services,Technology,2026-10-08,Computers - Software,
GTECJAINX,Education & Training Services,Consumer Defensive,2026-10-08,,
GTL,Telecom Services,Communication Services,2026-10-08,Telecommunication - Services,
GTLINFRA,Communication Equipment,Technology,2026-10-08,Telecommunication - Equipment,
GTPL,Entertainment,Communication Services,2026-10-08,,2026-10-13
GUFICBIO,Drug Manufacturers - Specialty & Generic,Healthcare,2026-10-08,Pharmaceuticals,
GUJALKALI,Chemicals,Basic Materials,2026-10-08,Chemicals - Inorganic,
GUJAPOLLO,Specialty Industrial Machinery,Industrials,2026-10-08,Engineering,
GUJENERGY,Utilities - Regulated Gas,Utilities,2026-10-08,,2026-11-05
GUJRAFFIA,,,2026-10-08,,
GUJTHEM,Drug Manufacturers - Specialty & Generic,Healthcare,2026-10-08,,
GULFOILLUB,Specialty Chemicals,Basic Materials,2026-10-08,,
GULFPETRO,Oil & Gas Refining & Marketing,Energy,2026-10-08,,
GULPOLY,Chemicals,Basic Materials,2026-10-08,,
GVKPIL,Utilities - Independent Power Producers,Utilities,2026-10-08,Power,
GVPIL,Engineering & Construction,Industrials,2026-10-08,,
GVPTECH,Information Technology Services,Technology,2026-10-08,,
GVT&D,Specialty Industrial Machinery,Industrials,2026-10-08,,
GYFTR,Specialty Business Services,Industrials,2026-10-08,,
HAL,Aerospace & Defense,Industrials,2026-10-08,,
HALDER,Farm Products,Consumer Defensive,2026-10-08,,
HALDYNGL,Packaging & Containers,Consumer Cyclical,2026-10-08,,
HALEOSLABS,Biotechnology,Healthcare,2026-10-08,,
HAMPTON,Capital Markets,Financial Services,2026-10-08,,
HAPPSTMNDS,Information Technology Services,Technology,2026-10-08,,
HAPPYFORGE,Metal Fabrication,Industrials,2026-10-08,,
HARDWYN,Building Products & Equipment,Industrials,2026-10-08,,
HARIOMPIPE,Steel,Basic Materials,2026-10-08,,
HARRMALAYA,Farm Products,Consumer Defensive,2026-10-08,Tea And Coffee,
HARSHA,Tools & Accessories,Industrials,2026-10-08,,
HATHWAY,Entertainment,Communication Services,2026-10-08,Media & Entertainment,2026-10-14
HATSUN,Packaged Foods,Consumer Defensive,2026-10-08,,
HAVELLS,Electrical Equipment & Parts,Industrials,2026-10-08,Electrical Equipment,
HAVISHA,Lodging,Consumer Cyclical,2026-10-08,,
HAWKINCOOK,"Furnishings, Fixtures & Appliances",Consumer Cyclical,2026-10-08,,
HAZOOR,Real Estate - Development,Real Estate,2026-10-08,,
HBESD,Lodging,Consumer Cyclical,2026-10-08,,
HBLENGINE,Electrical Equipment & Parts,Industrials,2026-10-08,,
HBPOR,Capital Markets,Financial Services,2026-10-08,,
HBSL,Capital Markets,Financial Services,2026-10-08,,
HCC,Engineering & Construction,Industrials,2026-10-08,Construction,
HCG,Medical Care Facilities,Healthcare,2026-10-08,,
HCL-INSYS,Electronics & Computer Distribution,Technology,2026-10-08,Computers - Hardware,
HCLTECH,Information Technology Services,Technology,2026-10-08,Computers - Software,2026-10-12
HDBFS,Credit Services,Financial Services,2026-10-08,,2026-10-14
HDFCAMC,Asset Management,Financial Services,2026-10-08,,2026-10-15
HDFCBANK,Banks - Regional,Financial Services,2026-10-08,Banks,2026-10-17
HDFCLIFE,Insurance - Life,Financial Services,2026-10-08,,2026-10-15
HEADSUP,Apparel Retail,Consumer Cyclical,2026-10-08,,
HEALTHX,Pharmaceutical Retailers,Healthcare,2026-10-08,,
HECPROJECT,Engineering & Construction,Industrials,2026-10-08,,
HEGAM,Electrical Equipment & Parts,Industrials,2026-10-08,,
HEIDELBERG,Building Materials,Basic Materials,2026-10-08,Cement And Cement Products,
HEMIPROP,Real Estate - Diversified,Real Estate,2026-10-08,,
HERANBA,Agricultural Inputs,Basic Materials,2026-10-08,,
HERITGFOOD,Packaged Foods,Consumer Defensive,2026-10-08,Food And Food Processing,2026-10-15
HEROMOTOCO,Auto Manufacturers,Consumer Cyclical,2026-10-08,Automobiles - 2 And 3 Wheelers,
HEROMOTORS,Auto Parts,Consumer Cyclical,2026-10-08,,2026-10-13
HESTERBIO,Drug Manufacturers - Specialty & Generic,Healthcare,2026-10-08,,
HEXAGON,Packaged Foods,Consumer Defensive,2026-10-08,,
HEXATRADEX,Credit Services,Financial Services,2026-10-08,Trading,
HEXT,Information Technology Services,Technology,2026-10-08,,
HFCL,Communication Equipment,Technology,2026-10-08,Telecommunication - Equipment,
HGINFRA,Engineering & Construction,Industrials,2026-10-08,,
HGM,Information Technology Services,Technology,2026-10-08,,
HGS,Specialty Business Services,Industrials,2026-10-08,Computers - Software,
HIKAL,Drug Manufacturers - Specialty & Generic,Healthcare,2026-10-08,Pharmaceuticals,
HILINFRA,Infrastructure Operations,Industrials,2026-10-08,,
HILTON,Metal Fabrication,Industrials,2026-10-08,Castings/Forgings,
HIMATSEIDE,Textile Manufacturing,Consumer Cyclical,2026-10-08,Textile Products,
HINDADH,Specialty Chemicals,Basic Materials,2026-10-08,,
HINDALCO,Aluminum,Basic Materials,2026-10-08,Aluminium,2026-11-06
HINDALUMI,Aluminum,Basic Materials,2026-10-08,,
HINDCOMPOS,Auto Parts,Consumer Cyclical,2026-10-08,Auto Ancillaries,2026-10-12
HINDCON,Specialty Chemicals,Basic Materials,2026-10-08,,
HINDCOPPER,Copper,Basic Materials,2026-10-08,Metals,
HINDOILEXP,Oil & Gas E&P,Energy,2026-10-08,Oil Exploration/Production,
HINDPETRO,Oil & Gas Refining & Marketing,Energy,2026-10-08,Refineries,
HINDUNILVR,Household & Personal Products,Consumer Defensive,2026-10-08,Diversified,2026-10-28
HINDWAREAP,"Furnishings, Fixtures & Appliances",Consumer Cyclical,2026-10-08,,
HINDZINC,Other Industrial Metals & Mining,Basic Materials,2026-10-08,Metals,
HIRECT,Electrical Equipment & Parts,Industrials,2026-10-08,Electronics - Industrial,
HISARMETAL,Steel,Basic Materials,2026-10-08,,
HITECH,Steel,Basic Materials,2026-10-08,,
HITECHCORP,Packaging & Containers,Consumer Cyclical,2026-10-08,,
HITECHGEAR,Auto Parts,Consumer Cyclical,2026-10-08,Auto Ancillaries,
HLEGLAS,Specialty Industrial Machinery,Industrials,2026-10-08,,
HLVLTD,Lodging,Consumer Cyclical,2026-10-08,,
HMAAGRO,Packaged Foods,Consumer Defensive,2026-10-08,,
HMVL,Publishing,Communication Services,2026-10-08,Printing And Publishing,
HNDFDS,Conglomerates,Industrials,2026-10-08,,
HOMEFIRST,Mortgage Finance,Financial Services,2026-10-08,,
HONASA,Household & Personal Products,Consumer Defensive,2026-10-08,,
HONAUT,Electrical Equipment & Parts,Industrials,2026-10-08,Electronics - Industrial,2026-10-27
HONDAPOWER,Specialty Industrial Machinery,Industrials,2026-10-08,Electrical Equipment,
HORIZONIND,Real Estate - Development,Real Estate,2026-10-08,,
HPAL,Specialty Chemicals,Basic Materials,2026-10-08,,
HPIL,Specialty Chemicals,Basic Materials,2026-10-08,,
HPL,Electrical Equipment & Parts,Industrials,2026-10-08,,
HRYNSHP,Waste Management,Industrials,2026-10-08,,
HSCL,Specialty Chemicals,Basic Materials,2026-10-08,,
HTEL,Specialty Industrial Machinery,Industrials,2026-10-08,,
HTMEDIA,Publishing,Communication Services,2026-10-08,Printing And Publishing,
HUBTOWN,Real Estate - Development,Real Estate,2026-10-08,Construction,
HUDCO,Credit Services,Financial Services,2026-10-08,,
HUHTAMAKI,Packaging & Containers,Consumer Cyclical,2026-10-08,,
HYBRIDFIN,Capital Markets,Financial Services,2026-10-08,,
HYUNDAI,Auto Manufacturers,Consumer Cyclical,2026-10-08,,
IBULLSLTD,Real Estate - Development,Real Estate,2026-10-08,,
ICDSLTD,Real Estate Services,Real Estate,2026-10-08,,
ICEMAKE,Specialty Industrial Machinery,Industrials,2026-10-08,,
ICICIAMC,Asset Management,Financial Services,2026-10-08,,2026-10-12
ICICIBANK,Banks - Regional,Financial Services,2026-10-08,Banks,2026-10-17
ICICIGI,Insurance - Diversified,Financial Services,2026-10-08,,2026-10-14
ICICIPRULI,Insurance - Life,Financial Services,2026-10-08,,2026-10-13
ICIL,Textile Manufacturing,Consumer Cyclical,2026-10-08,Textiles - Cotton,
ICRA,Financial Data & Stock Exchanges,Financial Services,2026-10-08,Finance,
IDBI,Banks - Regional,Financial Services,2026-10-08,Banks,
IDEA,Telecom Services,Communication Services,2026-10-08,Telecommunication - Services,
IDEAFORGE,Computer Hardware,Technology,2026-10-08,,
IDFCFIRSTB,Banks - Regional,Financial Services,2026-10-08,,2026-10-24
IEX,Capital Markets,Financial Services,2026-10-08,,
IFBAGRO,Beverages - Wineries & Distilleries,Consumer Defensive,2026-10-08,Brew/Distilleries,
IFBIND,"Furnishings, Fixtures & Appliances",Consumer Cyclical,2026-10-08,Consumer Durables,
IFCI,Credit Services,Financial Services,2026-10-08,Financial Institution,
IFGLEXPOR,Building Materials,Basic Materials,2026-10-08,,
IGARASHI,Auto Parts,Consumer Cyclical,2026-10-08,Auto Ancillaries,
IGCL,Agricultural Inputs,Basic Materials,2026-10-08,,
IGIL,Other Precious Metals & Mining,Basic Materials,2026-10-08,,
IGL,Utilities - Regulated Gas,Utilities,2026-10-08,Gas,
IGPL,Chemicals,Basic Materials,2026-10-08,Petrochemicals,
IIFL,Credit Services,Financial Services,2026-10-08,,2026-10-15
IIFLCAPS,Capital Markets,Financial Services,2026-10-08,,
IITL,Credit Services,Financial Services,2026-10-08,Construction,
IKIO,Electronic Components,Technology,2026-10-08,,
IKS,Health Information Services,Healthcare,2026-10-08,,
IMAGICAA,Entertainment,Communication Services,2026-10-08,,
IMFA,Other Industrial Metals & Mining,Basic Materials,2026-10-08,Metals,
IMPAL,Auto Parts,Consumer Cyclical,2026-10-08,Auto Ancillaries,
INA,Solar,Technology,2026-10-08,,
INCREDIBLE,Steel,Basic Materials,2026-10-08,,
INDBANK,Capital Markets,Financial Services,2026-10-08,Finance,2026-10-09
INDGN,Health Information Services,Healthcare,2026-10-08,,2026-10-29
INDHOTEL,Lodging,Consumer Cyclical,2026-10-08,Hotels,
INDIACEM,Building Materials,Basic Materials,2026-10-08,Cement And Cement Products,2026-10-17
INDIAGLYCO,Chemicals,Basic Materials,2026-10-08,Chemicals - Organic,
INDIAMART,Internet Retail,Consumer Cyclical,2026-10-08,,
INDIANB,Banks - Regional,Financial Services,2026-10-08,Banks,
INDIANCARD,Textile Manufacturing,Consumer Cyclical,2026-10-08,Textiles - Synthetic,
INDIANHUME,Engineering & Construction,Industrials,2026-10-08,Construction,
INDIASHLTR,Mortgage Finance,Financial Services,2026-10-08,,
INDIGO,Airlines,Industrials,2026-10-08,,
INDIGOPNTS,Specialty Chemicals,Basic Materials,2026-10-08,,
INDIQUBE,Real Estate Services,Real Estate,2026-10-08,,
INDNIPPON,Auto Parts,Consumer Cyclical,2026-10-08,Auto Ancillaries,
INDOAMIN,Chemicals,Basic Materials,2026-10-08,,
INDOBORAX,Chemicals,Basic Materials,2026-10-08,,
INDOCO,Drug Manufacturers - Specialty & Generic,Healthcare,2026-10-08,Pharmaceuticals,
INDOFARM,Farm & Heavy Construction Machinery,Industrials,2026-10-08,,
INDOKEM,Specialty Chemicals,Basic Materials,2026-10-08,,
INDOMIM,Metal Fabrication,Industrials,2026-10-08,,
INDORAMA,Textile Manufacturing,Consumer Cyclical,2026-10-08,Textiles - Synthetic,
INDOSTAR,Credit Services,Financial Services,2026-10-08,,
INDOTECH,Electrical Equipment & Parts,Industrials,2026-10-08,Electrical Equipment,
INDOTHAI,Capital Markets,Financial Services,2026-10-08,Finance,
INDOUS,Agricultural Inputs,Basic Materials,2026-10-08,,
INDOWIND,Utilities - Renewable,Utilities,2026-10-08,Power,
INDPRUD,Asset Management,Financial Services,2026-10-08,,
INDRAMEDCO,Medical Care Facilities,Healthcare,2026-10-08,Miscellaneous,
INDSWFTLAB,Drug Manufacturers - Specialty & Generic,Healthcare,2026-10-08,Pharmaceuticals,
INDTERRAIN,Apparel Retail,Consumer Cyclical,2026-10-08,Textile Products,
INDUSINDBK,Banks - Regional,Financial Services,2026-10-08,Banks,2026-10-23
INDUSTOWER,Telecom Services,Communication Services,2026-10-08,,2026-10-27
INFOBEAN,Software - Application,Technology,2026-10-08,,
INFOMEDIA,Shell Companies,Financial Services,2026-10-08,Printing And Publishing,
INFY,Information Technology Services,Technology,2026-10-08,Computers - Software,2026-10-23
INGERRAND,Specialty Industrial Machinery,Industrials,2026-10-08,Compressors / Pumps,
INNOVACAP,Drug Manufacturers - Specialty & Generic,Healthcare,2026-10-08,,
INNOVANA,Software - Application,Technology,2026-10-08,,
INNOVISION,Staffing & Employment Services,Industrials,2026-10-08,,
INOXGREEN,Utilities - Renewable,Utilities,2026-10-08,,
INOXINDIA,Specialty Industrial Machinery,Industrials,2026-10-08,,
INOXWIND,Specialty Industrial Machinery,Industrials,2026-10-08,,
INSECTICID,Agricultural Inputs,Basic Materials,2026-10-08,Pesticides And Agrochemicals,2026-11-05
INSPIRISYS,Information Technology Services,Technology,2026-10-08,,
INTELLECT,Software - Application,Technology,2026-10-08,,
INTENTECH,Software - Infrastructure,Technology,2026-10-08,,
INTERARCH,Engineering & Construction,Industrials,2026-10-08,,
INTLCONV,Specialty Industrial Machinery,Industrials,2026-10-08,,
INVENTURE,Capital Markets,Financial Services,2026-10-08,Finance,
INVPRECQ,Steel,Basic Materials,2026-10-08,,
IOB,Banks - Regional,Financial Services,2026-10-08,Banks,
IOC,Oil & Gas Refining & Marketing,Energy,2026-10-08,Refineries,
IOLCP,Drug Manufacturers - Specialty & Generic,Healthcare,2026-10-08,Pharmaceuticals,
IONEXCHANG,Pollution & Treatment Controls,Industrials,2026-10-08,,
IPCALAB,Drug Manufacturers - Specialty & Generic,Healthcare,2026-10-08,Pharmaceuticals,
IPL,Agricultural Inputs,Basic Materials,2026-10-08,,
IPRINGLTD,Auto Parts,Consumer Cyclical,2026-10-08,,
IRB,Infrastructure Operations,Industrials,2026-10-08,Construction,
IRCON,Engineering & Construction,Industrials,2026-10-08,,
IRCTC,Travel Services,Consumer Cyclical,2026-10-08,,
IREDA,Credit Services,Financial Services,2026-10-08,,
IRFC,Credit Services,Financial Services,2026-10-08,,2026-10-15
IRIS,Software - Application,Technology,2026-10-08,,
IRISDOREME,Apparel Manufacturing,Consumer Cyclical,2026-10-08,,
IRMENERGY,Utilities - Regulated Gas,Utilities,2026-10-08,,
ISFT,Internet Retail,Consumer Cyclical,2026-10-08,Computers - Software,
ISGEC,Specialty Industrial Machinery,Industrials,2026-10-08,,
ISHANCH,Chemicals,Basic Materials,2026-10-08,,
ISTLTD,Auto Parts,Consumer Cyclical,2026-10-08,,
ITC,Tobacco,Consumer Defensive,2026-10-08,Cigarettes,
ITCHOTELS,Resorts & Casinos,Consumer Cyclical,2026-10-08,,
ITDC,Lodging,Consumer Cyclical,2026-10-08,,
ITI,Communication Equipment,Technology,2026-10-08,Telecommunication - Equipment,
ITL,Specialty Industrial Machinery,Industrials,2026-10-08,,
IVALUE,Information Technology Services,Technology,2026-10-08,,
IVC,Financial Conglomerates,Financial Services,2026-10-08,Finance,
IVP,Specialty Chemicals,Basic Materials,2026-10-08,Chemicals - Organic,
IWP,Lumber & Wood Production,Basic Materials,2026-10-08,,
IXIGO,Travel Services,Consumer Cyclical,2026-10-08,,
IZMO,Software - Application,Technology,2026-10-08,,
J&KBANK,Banks - Regional,Financial Services,2026-10-08,Banks,
JAGRAN,Publishing,Communication Services,2026-10-08,Printing And Publishing,
JAGSNPHARM,Drug Manufacturers - Specialty & Generic,Healthcare,2026-10-08,Pharmaceuticals,
JAIBALAJI,Steel,Basic Materials,2026-10-08,Steel And Steel Products,
JAICORPLTD,Specialty Chemicals,Basic Materials,2026-10-08,Plastic And Plastic Products,
JAINREC,Other Industrial Metals & Mining,Basic Materials,2026-10-08,,
JAIPURKURT,Apparel Manufacturing,Consumer Cyclical,2026-10-08,,
JAMNAAUTO,Auto Parts,Consumer Cyclical,2026-10-08,Auto Ancillaries,
JARO,Education & Training Services,Consumer Defensive,2026-10-08,,
JASH,Specialty Industrial Machinery,Industrials,2026-10-08,,
JAYAGROGN,Specialty Chemicals,Basic Materials,2026-10-08,Solvent Extraction,
JAYBARMARU,Auto Parts,Consumer Cyclical,2026-10-08,Auto Ancillaries,
JAYKAY,Specialty Business Services,Industrials,2026-10-08,,
JAYNECOIND,Steel,Basic Materials,2026-10-08,Steel And Steel Products,
JAYSREETEA,Farm Products,Consumer Defensive,2026-10-08,Tea And Coffee,
JBMA,Auto Parts,Consumer Cyclical,2026-10-08,Auto Ancillaries,
JENBURPH,Drug Manufacturers - Specialty & Generic,Healthcare,2026-10-08,,
JETFREIGHT,Integrated Freight & Logistics,Industrials,2026-10-08,,
JGCHEM,Other Industrial Metals & Mining,Basic Materials,2026-10-08,,
JHS,Household & Personal Products,Consumer Defensive,2026-10-08,Personal Care,
JINDALPHOT,Asset Management,Financial Services,2026-10-08,Miscellaneous,
JINDALPOLY,Packaging & Containers,Consumer Cyclical,2026-10-08,Packaging,
JINDALSAW,Steel,Basic Materials,2026-10-08,Steel And Steel Products,
JINDALSTEL,Steel,Basic Materials,2026-10-08,Steel And Steel Products,2026-10-23
JINDRILL,Oil & Gas Equipment & Services,Energy,2026-10-08,Oil Exploration/Production,
JINDWORLD,Textile Manufacturing,Consumer Cyclical,2026-10-08,Textile Products,
JIOFIN,Asset Management,Financial Services,2026-10-08,,
JISLDVREQS,Conglomerates,Industrials,2026-10-08,,
JISLJALEQS,Conglomerates,Industrials,2026-10-08,Plastic And Plastic Products,
JITFINFRA,Engineering & Construction,Industrials,2026-10-08,,
JKCEMENT,Building Materials,Basic Materials,2026-10-08,Cement And Cement Products,
JKIL,Engineering & Construction,Industrials,2026-10-08,Construction,
JKIPL,Industrial Distribution,Industrials,2026-10-08,,
JKLAKSHMI,Building Materials,Basic Materials,2026-10-08,Cement And Cement Products,
JKPAPER,Paper & Paper Products,Basic Materials,2026-10-08,Paper And Paper Products,
JKTYRE,Auto Parts,Consumer Cyclical,2026-10-08,Tyres,
JLHL,Medical Care Facilities,Healthcare,2026-10-08,,
JMA,Auto Parts,Consumer Cyclical,2026-10-08,,
JMFINANCIL,Capital Markets,Financial Services,2026-10-08,Finance,2026-11-04
JNKINDIA,Specialty Industrial Machinery,Industrials,2026-10-08,,
JNPR,Utilities - Renewable,Utilities,2026-10-08,,
JOCIL,Specialty Chemicals,Basic Materials,2026-10-08,Chemicals - Organic,
JPOLYINVST,Asset Management,Financial Services,2026-10-08,,
JPPOWER,Utilities - Independent Power Producers,Utilities,2026-10-08,Power,2026-10-19
JSFB,Banks - Regional,Financial Services,2026-10-08,,
JSIPL,Steel,Basic Materials,2026-10-08,,
JSL,Steel,Basic Materials,2026-10-08,Steel And Steel Products,
JSLL,Medical Care Facilities,Healthcare,2026-10-08,,
JSWCEMENT,Building Materials,Basic Materials,2026-10-08,,
JSWDULUX,Specialty Chemicals,Basic Materials,2026-10-08,,
JSWENERGY,Utilities - Independent Power Producers,Utilities,2026-10-08,Power,
JSWHL,Asset Management,Financial Services,2026-10-08,,
JSWINFRA,Marine Shipping,Industrials,2026-10-08,,
JSWSTEEL,Steel,Basic Materials,2026-10-08,Steel And Steel Products,2026-10-23
JTEKTINDIA,Auto Parts,Consumer Cyclical,2026-10-08,,
JTLIND,Steel,Basic Materials,2026-10-08,,
JUBLCPL,Specialty Chemicals,Basic Materials,2026-10-08,,
JUBLFOOD,Restaurants,Consumer Cyclical,2026-10-08,Food And Food Processing,
JUBLINGREA,Specialty Chemicals,Basic Materials,2026-10-08,,
JUBLPHARMA,Drug Manufacturers - Specialty & Generic,Healthcare,2026-10-08,,
JUNIPER,Lodging,Consumer Cyclical,2026-10-08,,
JUSTDIAL,Internet Content & Information,Communication Services,2026-10-08,,
JWL,Railroads,Industrials,2026-10-08,,
JYOTHYLAB,Household & Personal Products,Consumer Defensive,2026-10-08,Personal Care,
JYOTICNC,Specialty Industrial Machinery,Industrials,2026-10-08,,
JYOTIRES,Specialty Chemicals,Basic Materials,2026-10-08,,
JYOTISTRUC,Specialty Industrial Machinery,Industrials,2026-10-08,Transmission Towers,
KABRAEXTRU,Specialty Industrial Machinery,Industrials,2026-10-08,Engineering,2026-10-15
KAJARIACER,Building Products & Equipment,Industrials,2026-10-08,Ceramics And Sanitaryware,
KAKATCEM,Building Materials,Basic Materials,2026-10-08,Cement And Cement Products,
KALAMANDIR,Apparel Retail,Consumer Cyclical,2026-10-08,,
KALPATARU,Real Estate - Development,Real Estate,2026-10-08,,
KALYANI,Auto & Truck Dealerships,Consumer Cyclical,2026-10-08,,
KALYANIFRG,Auto Parts,Consumer Cyclical,2026-10-08,Castings/Forgings,
KALYANKJIL,Luxury Goods,Consumer Cyclical,2026-10-08,,
KAMAHOLD,Conglomerates,Industrials,2026-10-08,,
KAMANWALA,Real Estate - Development,Real Estate,2026-10-08,,
KAMATHOTEL,Lodging,Consumer Cyclical,2026-10-08,Hotels,
KAMDHENU,Steel,Basic Materials,2026-10-08,,
KAMOPAINTS,Steel,Basic Materials,2026-10-08,,
KANANIIND,Luxury Goods,Consumer Cyclical,2026-10-08,Gems Jewellery And Watches,
KANCHI,Specialty Chemicals,Basic Materials,2026-10-08,,
KANCOTEA,Farm Products,Consumer Defensive,2026-10-08,,
KANOHAR,Electrical Equipment & Parts,Industrials,2026-10-08,,
KANORICHEM,Chemicals,Basic Materials,2026-10-08,Chemicals - Inorganic,
KANPRPLA,Packaging & Containers,Consumer Cyclical,2026-10-08,,
KANSAINER,Specialty Chemicals,Basic Materials,2026-10-08,Paints,2026-11-04
KAPSTON,Specialty Business Services,Industrials,2026-10-08,,
KARAMTARA,Solar,Technology,2026-10-08,,
KARMAENG,Utilities - Renewable,Utilities,2026-10-08,Power,
KARURVYSYA,Banks - Regional,Financial Services,2026-10-08,Banks,2026-10-15
KAUSHALYA,Engineering & Construction,Industrials,2026-10-08,Construction,
KAVDEFENCE,Communication Equipment,Technology,2026-10-08,,
KAYA,Household & Personal Products,Consumer Defensive,2026-10-08,,
KAYNES,Electronic Components,Technology,2026-10-08,,
KCP,Building Materials,Basic Materials,2026-10-08,Cement And Cement Products,2026-11-06
KCPSUGIND,Confectioners,Consumer Defensive,2026-10-08,Sugar,
KDDL,Luxury Goods,Consumer Cyclical,2026-10-08,,
KDGREEN,Footwear & Accessories,Consumer Cyclical,2026-10-08,,
KEC,Engineering & Construction,Industrials,2026-10-08,Transmission Towers,
KECL,Specialty Industrial Machinery,Industrials,2026-10-08,Power,
KEEPLEARN,Education & Training Services,Consumer Defensive,2026-10-08,,
KEI,Electrical Equipment & Parts,Industrials,2026-10-08,Miscellaneous,
KELLTONTEC,Software - Application,Technology,2026-10-08,,
KENNAMET,Tools & Accessories,Industrials,2026-10-08,,
KERNEX,Software - Application,Technology,2026-10-08,Computers - Software,
KESORAMIND,Building Materials,Basic Materials,2026-10-08,Tyres,
KEYFINSERV,Capital Markets,Financial Services,2026-10-08,,
KFINTECH,Software - Application,Technology,2026-10-08,,2026-10-26
KHADIM,Footwear & Accessories,Consumer Cyclical,2026-10-08,,
KHAICHEM,Agricultural Inputs,Basic Materials,2026-10-08,,
KHAITANLTD,Industrial Distribution,Industrials,2026-10-08,Trading,
KHANDSE,Capital Markets,Financial Services,2026-10-08,Finance,
KICL,Asset Management,Financial Services,2026-10-08,Finance,
KILITCH,Drug Manufacturers - Specialty & Generic,Healthcare,2026-10-08,Pharmaceuticals,
KIMS,Medical Care Facilities,Healthcare,2026-10-08,,
KINGFA,Specialty Chemicals,Basic Materials,2026-10-08,,
KIOCL,Steel,Basic Materials,2026-10-08,,
KIRANVYPAR,Capital Markets,Financial Services,2026-10-08,,
KIRIINDUS,Specialty Chemicals,Basic Materials,2026-10-08,Dyes And Pigments,
KIRLFER,Metal Fabrication,Industrials,2026-10-08,,
KIRLOSBROS,Specialty Industrial Machinery,Industrials,2026-10-08,Compressors / Pumps,
KIRLOSENG,Specialty Industrial Machinery,Industrials,2026-10-08,Diesel Engines,
KIRLOSIND,Metal Fabrication,Industrials,2026-10-08,Finance,
KIRLPNU,Specialty Industrial Machinery,Industrials,2026-10-08,,
KISSHT,Credit Services,Financial Services,2026-10-08,,
KITEX,Apparel Manufacturing,Consumer Cyclical,2026-10-08,Textile Products,
KJMCFIN,Capital Markets,Financial Services,2026-10-08,,
KKCL,Apparel Manufacturing,Consumer Cyclical,2026-10-08,Textile Products,
KLBRENG-B,Specialty Industrial Machinery,Industrials,2026-10-08,,
KMCSHIL,Medical Care Facilities,Healthcare,2026-10-08,,
KMEW,Marine Shipping,Industrials,2026-10-08,,
KMSUGAR,Confectioners,Consumer Defensive,2026-10-08,Sugar,
KNACK,Packaging & Containers,Consumer Cyclical,2026-10-08,,
KNAGRI,Farm Products,Consumer Defensive,2026-10-08,,
KNRCON,Engineering & Construction,Industrials,2026-10-08,Construction,
KOHINOOR,Packaged Foods,Consumer Defensive,2026-10-08,Food And Food Processing,
KOKUYOCMLN,Business Equipment & Supplies,Industrials,2026-10-08,Miscellaneous,
KOLTEPATIL,Real Estate - Development,Real Estate,2026-10-08,Construction,
KOPRAN,Drug Manufacturers - General,Healthcare,2026-10-08,Pharmaceuticals,
KOTAKBANK,Banks - Regional,Financial Services,2026-10-08,Banks,
KOTARISUG,Confectioners,Consumer Defensive,2026-10-08,Sugar,
KOTHARIPET,Specialty Chemicals,Basic Materials,2026-10-08,Trading,
KOTHARIPRO,Conglomerates,Industrials,2026-10-08,Trading,
KOTIC,Agricultural Inputs,Basic Materials,2026-10-08,,
KOTYARK,Specialty Chemicals,Basic Materials,2026-10-08,,
KOVAI,Medical Care Facilities,Healthcare,2026-10-08,,
KPEL,Engineering & Construction,Industrials,2026-10-08,,
KPIGREEN,Utilities - Renewable,Utilities,2026-10-08,,
KPIL,Engineering & Construction,Industrials,2026-10-08,,
KPITTECH,Software - Application,Technology,2026-10-08,,
KPL,Drug Manufacturers - Specialty & Generic,Healthcare,2026-10-08,,
KPRMILL,Textile Manufacturing,Consumer Cyclical,2026-10-08,Textile Products,
KRBL,Packaged Foods,Consumer Defensive,2026-10-08,Food And Food Processing,
KREBSBIO,Drug Manufacturers - Specialty & Generic,Healthcare,2026-10-08,,
KRIDHANINF,Steel,Basic Materials,2026-10-08,,
KRISHANA,Agricultural Inputs,Basic Materials,2026-10-08,,
KRISHIVAL,Packaged Foods,Consumer Defensive,2026-10-08,,
KRISHNADEF,Specialty Industrial Machinery,Industrials,2026-10-08,,
KRITI,Building Products & Equipment,Industrials,2026-10-08,,
KRITIKA,Steel,Basic Materials,2026-10-08,,
KRITINUT,Packaged Foods,Consumer Defensive,2026-10-08,,
KRN,Electronic Components,Technology,2026-10-08,,
KRONOX,Specialty Chemicals,Basic Materials,2026-10-08,,
KROSS,Auto Parts,Consumer Cyclical,2026-10-08,,
KRSNAA,Diagnostics & Research,Healthcare,2026-10-08,,
KRYSTAL,Specialty Business Services,Industrials,2026-10-08,,
KSB,Specialty Industrial Machinery,Industrials,2026-10-08,,
KSCL,Agricultural Inputs,Basic Materials,2026-10-08,Food And Food Processing,
KSE,Packaged Foods,Consumer Defensive,2026-10-08,,
KSHINTL,Electrical Equipment & Parts,Industrials,2026-10-08,,
KSHITIJPOL,Business Equipment & Supplies,Industrials,2026-10-08,,
KSL,Steel,Basic Materials,2026-10-08,Steel And Steel Products,
KSOLVES,Software - Application,Technology,2026-10-08,,
KSR,Footwear & Accessories,Consumer Cyclical,2026-10-08,,
KTKBANK,Banks - Regional,Financial Services,2026-10-08,Banks,
KUANTUM,Paper & Paper Products,Basic Materials,2026-10-08,,
KUSUMGAR,Textile Manufacturing,Consumer Cyclical,2026-10-08,,
KWIL,Packaged Foods,Consumer Defensive,2026-10-08,,
LADDERUP,Capital Markets,Financial Services,2026-10-08,,
LAGNAM,Textile Manufacturing,Consumer Cyclical,2026-10-08,,
LAHOTIOV,Textile Manufacturing,Consumer Cyclical,2026-10-08,,
LAKSHMIMIL,Textile Manufacturing,Consumer Cyclical,2026-10-08,,
LAL,Apparel Manufacturing,Consumer Cyclical,2026-10-08,,
LALITHAA,Luxury Goods,Consumer Cyclical,2026-10-08,,
LALPATHLAB,Diagnostics & Research,Healthcare,2026-10-08,,2026-11-04
LAMBODHARA,Textile Manufacturing,Consumer Cyclical,2026-10-08,,
LANCER,Integrated Freight & Logistics,Industrials,2026-10-08,,
LANCORHOL,Real Estate - Development,Real Estate,2026-10-08,,
LANDMARK,Auto & Truck Dealerships,Consumer Cyclical,2026-10-08,,
LANDSMILL,Conglomerates,Industrials,2026-10-08,,
LAOPALA,"Furnishings, Fixtures & Appliances",Consumer Cyclical,2026-10-08,Miscellaneous,
LASERPOWER,Electrical Equipment & Parts,Industrials,2026-10-08,,
LATENTVIEW,Consulting Services,Industrials,2026-10-08,,2026-10-31
LATTEYS,Specialty Industrial Machinery,Industrials,2026-10-08,,
LAURUSLABS,Drug Manufacturers - Specialty & Generic,Healthcare,2026-10-08,,
LAXMICOT,Textile Manufacturing,Consumer Cyclical,2026-10-08,,
LAXMIDENTL,Medical Instruments & Supplies,Healthcare,2026-10-08,,
LAXMIINDIA,Credit Services,Financial Services,2026-10-08,,
LCCINFOTEC,Education & Training Services,Consumer Defensive,2026-10-08,Computers - Software,2026-10-10
LCCPROJECT,Infrastructure Operations,Industrials,2026-10-08,,
LCL,Specialty Industrial Machinery,Industrials,2026-10-08,,
LEAPIND,Integrated Freight & Logistics,Industrials,2026-10-08,,
LEENEE,Information Technology Services,Technology,2026-10-08,,
LEMERITE,Textile Manufacturing,Consumer Cyclical,2026-10-08,,
LEMONTREE,Lodging,Consumer Cyclical,2026-10-08,,
LENSKART,Medical Instruments & Supplies,Healthcare,2026-10-08,,
LEXUS,Building Products & Equipment,Industrials,2026-10-08,,
LFIC,Asset Management,Financial Services,2026-10-08,,
LGBBROSLTD,Auto Parts,Consumer Cyclical,2026-10-08,Auto Ancillaries,
LGEINDIA,Consumer Electronics,Technology,2026-10-08,,
LGHL,Luxury Goods,Consumer Cyclical,2026-10-08,,
LIBAS,Apparel Manufacturing,Consumer Cyclical,2026-10-08,,
LIBERTSHOE,Footwear & Accessories,Consumer Cyclical,2026-10-08,Leather And Leather Products,
LICHSGFIN,Mortgage Finance,Financial Services,2026-10-08,Finance - Housing,
LICI,Insurance - Life,Financial Services,2026-10-08,,
LIKHITHA,Oil & Gas Equipment & Services,Energy,2026-10-08,,
LINC,Business Equipment & Supplies,Industrials,2026-10-08,,
LINCOLN,Drug Manufacturers - Specialty & Generic,Healthcare,2026-10-08,,
LINDEINDIA,Specialty Chemicals,Basic Materials,2026-10-08,Gas,
LKPSEC,Capital Markets,Financial Services,2026-10-08,,
LLOYDSENGG,Specialty Industrial Machinery,Industrials,2026-10-08,,
LLOYDSENT,Steel,Basic Materials,2026-10-08,,
LLOYDSME,Steel,Basic Materials,2026-10-08,,
LMW,Specialty Industrial Machinery,Industrials,2026-10-08,,2026-10-21
LODHA,Real Estate - Development,Real Estate,2026-10-08,,
LOKESHMACH,Specialty Industrial Machinery,Industrials,2026-10-08,Engineering,
LORDSCHLO,Chemicals,Basic Materials,2026-10-08,,
LOTUSCHO,Confectioners,Consumer Defensive,2026-10-08,,
LOTUSDEV,Engineering & Construction,Industrials,2026-10-08,,
LOTUSEYE,Medical Care Facilities,Healthcare,2026-10-08,Miscellaneous,
LOVABLE,Apparel Manufacturing,Consumer Cyclical,2026-10-08,Textile Products,
LOYALTEX,Textile Manufacturing,Consumer Cyclical,2026-10-08,,
LPDC,Real Estate Services,Real Estate,2026-10-08,Construction,
LT,Engineering & Construction,Industrials,2026-10-08,Engineering,
LTF,Credit Services,Financial Services,2026-10-08,,2026-10-15
LTFOODS,Packaged Foods,Consumer Defensive,2026-10-08,,
LTM,Information Technology Services,Technology,2026-10-08,,
LTTS,Information Technology Services,Technology,2026-10-08,,2026-10-19
LUMAXIND,Auto Parts,Consumer Cyclical,2026-10-08,Auto Ancillaries,
LUMAXTECH,Auto Parts,Consumer Cyclical,2026-10-08,Auto Ancillaries,
LUMINO,Electrical Equipment & Parts,Industrials,2026-10-08,,
LUPIN,Drug Manufacturers - Specialty & Generic,Healthcare,2026-10-08,Pharmaceuticals,
LUXIND,Apparel Manufacturing,Consumer Cyclical,2026-10-08,,
LXCHEM,Specialty Chemicals,Basic Materials,2026-10-08,,
LYKALABS,Biotechnology,Healthcare,2026-10-08,Pharmaceuticals,
M&M,Auto Manufacturers,Consumer Cyclical,2026-10-08,Automobiles - 4 Wheelers,2026-11-05
M&MFIN,Credit Services,Financial Services,2026-10-08,Finance,2026-10-21
MAANALU,Aluminum,Basic Materials,2026-10-08,Aluminium,
MACPOWER,Specialty Industrial Machinery,Industrials,2026-10-08,,
MADHAV,Building Products & Equipment,Industrials,2026-10-08,Construction,
MADHAVIPL,Engineering & Construction,Industrials,2026-10-08,,
MADHUCON,Engineering & Construction,Industrials,2026-10-08,Construction,
MADRASFERT,Agricultural Inputs,Basic Materials,2026-10-08,Fertilisers,
MAFATIND,Textile Manufacturing,Consumer Cyclical,2026-10-08,,
MAGADSUGAR,Confectioners,Consumer Defensive,2026-10-08,,
MAGNUM,Paper & Paper Products,Basic Materials,2026-10-08,Paper And Paper Products,
MAHABANK,Banks - Regional,Financial Services,2026-10-08,Banks,
MAHAPEXLTD,Credit Services,Financial Services,2026-10-08,,
MAHASTEEL,Steel,Basic Materials,2026-10-08,,
MAHEPC,Farm & Heavy Construction Machinery,Industrials,2026-10-08,,2026-10-15
MAHESHWARI,Integrated Freight & Logistics,Industrials,2026-10-08,,
MAHLIFE,Real Estate - Development,Real Estate,2026-10-08,Construction,2026-10-22
MAHLOG,Integrated Freight & Logistics,Industrials,2026-10-08,,2026-10-23
MAHSCOOTER,Asset Management,Financial Services,2026-10-08,Auto Ancillaries,2026-10-22
MAHSEAMLES,Steel,Basic Materials,2026-10-08,Steel And Steel Products,
MAITHANALL,Steel,Basic Materials,2026-10-08,Metals,
MAJESAUT,Real Estate Services,Real Estate,2026-10-08,,
MAKERSL,Drug Manufacturers - Specialty & Generic,Healthcare,2026-10-08,,
MALLCOM,Security & Protection Services,Industrials,2026-10-08,,
MALUPAPER,Paper & Paper Products,Basic Materials,2026-10-08,Paper And Paper Products,
MAMATA,Specialty Industrial Machinery,Industrials,2026-10-08,,
MANAKALUCO,Aluminum,Basic Materials,2026-10-08,,
MANAKCOAT,Metal Fabrication,Industrials,2026-10-08,,
MANAKSIA,Metal Fabrication,Industrials,2026-10-08,Steel And Steel Products,
MANAKSTEEL,Steel,Basic Materials,2026-10-08,,
MANALIPETC,Specialty Chemicals,Basic Materials,2026-10-08,Petrochemicals,
MANAPPURAM,Credit Services,Financial Services,2026-10-08,Finance,
MANBA,Credit Services,Financial Services,2026-10-08,,2026-10-27
MANCREDIT,Credit Services,Financial Services,2026-10-08,,
MANGALAM,Drug Manufacturers - Specialty & Generic,Healthcare,2026-10-08,Pharmaceuticals,
MANGLMCEM,Building Materials,Basic Materials,2026-10-08,Cement And Cement Products,
MANIKA,Packaging & Containers,Consumer Cyclical,2026-10-08,,
MANINDS,Steel,Basic Materials,2026-10-08,Steel And Steel Products,
MANINFRA,Engineering & Construction,Industrials,2026-10-08,Construction,
MANIPALHOS,Medical Care Facilities,Healthcare,2026-10-08,,
MANKIND,Drug Manufacturers - Specialty & Generic,Healthcare,2026-10-08,,
MANOMAY,Textile Manufacturing,Consumer Cyclical,2026-10-08,,
MANORAMA,Packaged Foods,Consumer Defensive,2026-10-08,,
MANORG,Specialty Chemicals,Basic Materials,2026-10-08,,
MANUGRAPH,Specialty Industrial Machinery,Industrials,2026-10-08,Electronics - Industrial,
MANYAVAR,Apparel Manufacturing,Consumer Cyclical,2026-10-08,,
MAPMYINDIA,Software - Infrastructure,Technology,2026-10-08,,
MARALOVER,Textile Manufacturing,Consumer Cyclical,2026-10-08,Textiles - Cotton,
MARATHON,Real Estate - Development,Real Estate,2026-10-08,,
MARICO,Household & Personal Products,Consumer Defensive,2026-10-08,Personal Care,
MARINE,Electrical Equipment & Parts,Industrials,2026-10-08,,
MARKOLINES,Infrastructure Operations,Industrials,2026-10-08,,
MARKSANS,Drug Manufacturers - General,Healthcare,2026-10-08,Pharmaceuticals,
MARSONS,Electrical Equipment & Parts,Industrials,2026-10-08,,
MARUTI,Auto Manufacturers,Consumer Cyclical,2026-10-08,Automobiles - 4 Wheelers,
MASFIN,Credit Services,Financial Services,2026-10-08,,
MASKINVEST,Capital Markets,Financial Services,2026-10-08,,
MASTEK,Information Technology Services,Technology,2026-10-08,Computers - Software,2026-10-23
MASTERTR,Capital Markets,Financial Services,2026-10-08,,
MATRIMONY,Internet Content & Information,Communication Services,2026-10-08,,
MAWANASUG,Confectioners,Consumer Defensive,2026-10-08,Sugar,
MAXESTATES,Real Estate - Development,Real Estate,2026-10-08,,
MAXHEALTH,Medical Care Facilities,Healthcare,2026-10-08,,
MAXIND,Medical Care Facilities,Healthcare,2026-10-08,,
MAYURUNIQ,Textile Manufacturing,Consumer Cyclical,2026-10-08,Textile Products,
MAZDA,Specialty Industrial Machinery,Industrials,2026-10-08,,
MAZDOCK,Aerospace & Defense,Industrials,2026-10-08,,
MBAPL,Agricultural Inputs,Basic Materials,2026-10-08,,
MBECL,Engineering & Construction,Industrials,2026-10-08,Engineering,
MBEL,Engineering & Construction,Industrials,2026-10-08,,
MBLINFRA,Engineering & Construction,Industrials,2026-10-08,Construction,
MCCHRLS-B,Conglomerates,Industrials,2026-10-08,,
MCL,Copper,Basic Materials,2026-10-08,,
MCLEODRUSS,Packaged Foods,Consumer Defensive,2026-10-08,Tea And Coffee,
MCLOUD,Information Technology Services,Technology,2026-10-08,,
MCX,Financial Data & Stock Exchanges,Financial Services,2026-10-08,,
MEDANTA,Medical Care Facilities,Healthcare,2026-10-08,,
MEDIASSIST,Healthcare Plans,Healthcare,2026-10-08,,
MEDICAMEQ,Drug Manufacturers - Specialty & Generic,Healthcare,2026-10-08,,
MEDICAPQ,Real Estate - Diversified,Real Estate,2026-10-08,,
MEDICO,Drug Manufacturers - Specialty & Generic,Healthcare,2026-10-08,,
MEDPLUS,Pharmaceutical Retailers,Healthcare,2026-10-08,,2026-10-27
MEESHO,Internet Retail,Consumer Cyclical,2026-10-08,,
MEGASTAR,Packaged Foods,Consumer Defensive,2026-10-08,,
MEIL,Electrical Equipment & Parts,Industrials,2026-10-08,,
MENNPIS,Auto Parts,Consumer Cyclical,2026-10-08,,
MENONBE,Auto Parts,Consumer Cyclical,2026-10-08,,
MERCANTILE,Real Estate Services,Real Estate,2026-10-08,,
MERCURYEV,Auto Manufacturers,Consumer Cyclical,2026-10-08,,
METROBRAND,Apparel Retail,Consumer Cyclical,2026-10-08,,
METROGLOBL,Conglomerates,Industrials,2026-10-08,,
METROPOLIS,Diagnostics & Research,Healthcare,2026-10-08,,
MFML,Textile Manufacturing,Consumer Cyclical,2026-10-08,,
MFSL,Insurance - Life,Financial Services,2026-10-08,,2026-10-27
MGEL,Farm Products,Consumer Defensive,2026-10-08,,
MGL,Utilities - Regulated Gas,Utilities,2026-10-08,,
MHLXMIRU,Textile Manufacturing,Consumer Cyclical,2026-10-08,,
MHRIL,Resorts & Casinos,Consumer Cyclical,2026-10-08,Hotels,2026-10-21
MICEL,Electronic Components,Technology,2026-10-08,,
MIDHANI,Steel,Basic Materials,2026-10-08,,
MIDWESTLTD,Building Materials,Basic Materials,2026-10-08,,
MIIL,Real Estate - Development,Real Estate,2026-10-08,,
MILKYMIST,Packaged Foods,Consumer Defensive,2026-10-08,,
MINALIND,Luxury Goods,Consumer Cyclical,2026-10-08,,
MINDACORP,Auto Parts,Consumer Cyclical,2026-10-08,Auto Ancillaries,
MINDTECK,Information Technology Services,Technology,2026-10-08,,2026-11-04
MIRZAINT,Footwear & Accessories,Consumer Cyclical,2026-10-08,Leather And Leather Products,
MITCON,Engineering & Construction,Industrials,2026-10-08,,
MITTAL,Textile Manufacturing,Consumer Cyclical,2026-10-08,,
MKEXIM,Household & Personal Products,Consumer Defensive,2026-10-08,,
MKPL,Packaged Foods,Consumer Defensive,2026-10-08,,
MLKFOOD,Packaged Foods,Consumer Defensive,2026-10-08,,
MMFL,Metal Fabrication,Industrials,2026-10-08,Castings/Forgings,
MMP,Aluminum,Basic Materials,2026-10-08,,
MMTC,Conglomerates,Industrials,2026-10-08,Trading,
MMWL,Entertainment,Communication Services,2026-10-08,,
MOBIKWIK,Software - Infrastructure,Technology,2026-10-08,,
MODINATUR,Packaged Foods,Consumer Defensive,2026-10-08,,
MODIRUBBER,Real Estate Services,Real Estate,2026-10-08,,
MODIS,Real Estate - Development,Real Estate,2026-10-08,,
MODISONLTD,Electrical Equipment & Parts,Industrials,2026-10-08,,
MODTHREAD,Textile Manufacturing,Consumer Cyclical,2026-10-08,,
MOHITE,Textile Manufacturing,Consumer Cyclical,2026-10-08,,
MOHITIND,Textile Manufacturing,Consumer Cyclical,2026-10-08,Textile Products,
MOIL,Other Industrial Metals & Mining,Basic Materials,2026-10-08,Metals,
MOKSH,Luxury Goods,Consumer Cyclical,2026-10-08,,
MOL,Agricultural Inputs,Basic Materials,2026-10-08,,
MOLBIO,Medical Devices,Healthcare,2026-10-08,,
MOLDTECH,Engineering & Construction,Industrials,2026-10-08,,
MOLDTKPAC,Packaging & Containers,Consumer Cyclical,2026-10-08,,
MOMSBELIEF,Medical Care Facilities,Healthcare,2026-10-08,,
MONARCH,Capital Markets,Financial Services,2026-10-08,,
MONEYBOXX,Credit Services,Financial Services,2026-10-08,,
MONEYVIEW,Software - Application,Technology,2026-10-08,,
MONTECARLO,Apparel Manufacturing,Consumer Cyclical,2026-10-08,,
MOREPENLAB,Drug Manufacturers - Specialty & Generic,Healthcare,2026-10-08,Pharmaceuticals,
MOSCHIP,Semiconductor Equipment & Materials,Technology,2026-10-08,,
MOTHERSON,Auto Parts,Consumer Cyclical,2026-10-08,,
MOTILALOFS,Capital Markets,Financial Services,2026-10-08,Finance,
MOTISONS,Luxury Goods,Consumer Cyclical,2026-10-08,,
MOTOGENFIN,Real Estate Services,Real Estate,2026-10-08,Finance,
MPDL,Real Estate - Development,Real Estate,2026-10-08,,
MPHASIS,Information Technology Services,Technology,2026-10-08,Computers - Software,2026-11-05
MPIMANIPAL,Software - Infrastructure,Technology,2026-10-08,,
MPSLTD,Publishing,Communication Services,2026-10-08,Printing And Publishing,
MRF,Auto Parts,Consumer Cyclical,2026-10-08,Tyres,
MRPL,Oil & Gas Refining & Marketing,Energy,2026-10-08,Refineries,2026-10-14
MSL,Agricultural Inputs,Basic Materials,2026-10-08,,
MSPL,Steel,Basic Materials,2026-10-08,Steel And Steel Products,
MSTCLTD,Conglomerates,Industrials,2026-10-08,,
MSUMI,Auto Parts,Consumer Cyclical,2026-10-08,,
MTARTECH,Specialty Industrial Machinery,Industrials,2026-10-08,,
MTEDUCARE,Education & Training Services,Consumer Defensive,2026-10-08,Miscellaneous,
MTNL,Telecom Services,Communication Services,2026-10-08,Telecommunication - Services,
MUFIN,Credit Services,Financial Services,2026-10-08,,
MUFTI,Apparel Retail,Consumer Cyclical,2026-10-08,,
MUKANDLTD,Steel,Basic Materials,2026-10-08,Steel And Steel Products,
MUKESHB,Capital Markets,Financial Services,2026-10-08,,
MUKKA,Packaged Foods,Consumer Defensive,2026-10-08,,
MUKTAARTS,Entertainment,Communication Services,2026-10-08,Media & Entertainment,
MUNJALAU,Auto Parts,Consumer Cyclical,2026-10-08,Auto Ancillaries,
MUNJALSHOW,Auto Parts,Consumer Cyclical,2026-10-08,Auto Ancillaries,
MURUDCERA,Building Products & Equipment,Industrials,2026-10-08,Ceramics And Sanitaryware,
MUTHOOTCAP,Credit Services,Financial Services,2026-10-08,,2026-11-05
MUTHOOTFIN,Credit Services,Financial Services,2026-10-08,Finance,
MUTHOOTMF,Credit Services,Financial Services,2026-10-08,,
MVELECTRO,Electrical Equipment & Parts,Industrials,2026-10-08,,
MVGJL,Luxury Goods,Consumer Cyclical,2026-10-08,,
MWL,Steel,Basic Materials,2026-10-08,,
MYSORPETRO,Chemicals,Basic Materials,2026-10-08,,
NACLIND,Agricultural Inputs,Basic Materials,2026-10-08,,
NAGREEKCAP,Asset Management,Financial Services,2026-10-08,Finance,
NAGREEKEXP,Textile Manufacturing,Consumer Cyclical,2026-10-08,Textiles - Cotton,
NAHARCAP,Capital Markets,Financial Services,2026-10-08,Finance,
NAHARINDUS,Textile Manufacturing,Consumer Cyclical,2026-10-08,Textiles - Synthetic,
NAHARPOLY,Packaging & Containers,Consumer Cyclical,2026-10-08,Packaging,
NAHARSPING,Textile Manufacturing,Consumer Cyclical,2026-10-08,Textiles - Synthetic,
NAM-INDIA,Asset Management,Financial Services,2026-10-08,,
NARMADA,Agricultural Inputs,Basic Materials,2026-10-08,,
NATCAPSUQ,Drug Manufacturers - Specialty & Generic,Healthcare,2026-10-08,,
NATCOPHARM,Drug Manufacturers - Specialty & Generic,Healthcare,2026-10-08,Pharmaceuticals,
NATHBIOGEN,Agricultural Inputs,Basic Materials,2026-10-08,,
NATIONALUM,Aluminum,Basic Materials,2026-10-08,Aluminium,
NATIONSTD,Real Estate - Development,Real Estate,2026-10-08,,
NAUKRI,Internet Content & Information,Communication Services,2026-10-08,Computers - Software,
NAVA,Conglomerates,Industrials,2026-10-08,,
NAVINFLUOR,Chemicals,Basic Materials,2026-10-08,Chemicals - Inorganic,2026-10-30
NAVKARCORP,Integrated Freight & Logistics,Industrials,2026-10-08,,
NAVKARURB,Building Materials,Basic Materials,2026-10-08,,
NAVNETEDUL,Publishing,Communication Services,2026-10-08,,
NAZARA,Electronic Gaming & Multimedia,Communication Services,2026-10-08,,
NBCC,Engineering & Construction,Industrials,2026-10-08,Construction,
NBIFIN,Capital Markets,Financial Services,2026-10-08,,
NCC,Engineering & Construction,Industrials,2026-10-08,Construction,
NCLIND,Building Materials,Basic Materials,2026-10-08,Cement And Cement Products,
NDGL,Capital Markets,Financial Services,2026-10-08,,
NDL,Textile Manufacturing,Consumer Cyclical,2026-10-08,,
NDLVENTURE,Entertainment,Communication Services,2026-10-08,,
NDRAUTO,Auto Parts,Consumer Cyclical,2026-10-08,,
NDTV,Broadcasting,Communication Services,2026-10-08,Media & Entertainment,2026-10-26
NEAGI,Farm Products,Consumer Defensive,2026-10-08,,
NECCLTD,Trucking,Industrials,2026-10-08,,
NECLIFE,Drug Manufacturers - Specialty & Generic,Healthcare,2026-10-08,Pharmaceuticals,
NELCAST,Metal Fabrication,Industrials,2026-10-08,Castings/Forgings,
NELCO,Communication Equipment,Technology,2026-10-08,Computers - Hardware,
NEOGEN,Specialty Chemicals,Basic Materials,2026-10-08,,
NEPHROPLUS,Medical Care Facilities,Healthcare,2026-10-08,,
NESCO,Conglomerates,Industrials,2026-10-08,Miscellaneous,
NESTLEIND,Packaged Foods,Consumer Defensive,2026-10-08,Food And Food Processing,2026-10-15
NETWEB,Computer Hardware,Technology,2026-10-08,,
NETWORK18,Entertainment,Communication Services,2026-10-08,Finance,
NEUEON,Steel,Basic Materials,2026-10-08,,
NEULANDLAB,Drug Manufacturers - Specialty & Generic,Healthcare,2026-10-08,Pharmaceuticals,
NEWGEN,Software - Infrastructure,Technology,2026-10-08,,
NEXTMEDIA,Broadcasting,Communication Services,2026-10-08,Media & Entertainment,
NFL,Agricultural Inputs,Basic Materials,2026-10-08,Fertilisers,
NGIL,Packaged Foods,Consumer Defensive,2026-10-08,,
NGLFINE,Drug Manufacturers - General,Healthcare,2026-10-08,,
NH,Medical Care Facilities,Healthcare,2026-10-08,,
NHPC,Utilities - Renewable,Utilities,2026-10-08,Power,
NIACL,Insurance - Diversified,Financial Services,2026-10-08,,
NIBE,Aerospace & Defense,Industrials,2026-10-08,,
NIBL,Tools & Accessories,Industrials,2026-10-08,Bearings,
NICCOPAR,Leisure,Consumer Cyclical,2026-10-08,,
NIITLTD,Education & Training Services,Consumer Defensive,2026-10-08,Computers - Software,
NIITMTS,Education & Training Services,Consumer Defensive,2026-10-08,,
NILAINFRA,Real Estate - Development,Real Estate,2026-10-08,,
NILASPACES,Real Estate - Development,Real Estate,2026-10-08,,
NILE,Other Industrial Metals & Mining,Basic Materials,2026-10-08,,
NILKAMAL,"Furnishings, Fixtures & Appliances",Consumer Cyclical,2026-10-08,Plastic And Plastic Products,
NIMBSPROJ,Real Estate - Development,Real Estate,2026-10-08,,
NINSYS,Information Technology Services,Technology,2026-10-08,,
NIPPOBATRY,Electrical Equipment & Parts,Industrials,2026-10-08,Electrical Equipment,
NIRAJ,Engineering & Construction,Industrials,2026-10-08,,
NIRAJISPAT,Apparel Manufacturing,Consumer Cyclical,2026-10-08,,
NIRLON,Real Estate Services,Real Estate,2026-10-08,,
NITCO,Building Products & Equipment,Industrials,2026-10-08,Ceramics And Sanitaryware,
NITINSPIN,Textile Manufacturing,Consumer Cyclical,2026-10-08,Textiles - Cotton,
NITIRAJ,Scientific & Technical Instruments,Technology,2026-10-08,,
NITTAGELA,Specialty Chemicals,Basic Materials,2026-10-08,,
NIVABUPA,Insurance - Life,Financial Services,2026-10-08,,
NKIND,Household & Personal Products,Consumer Defensive,2026-10-08,,
NLCINDIA,Utilities - Regulated Electric,Utilities,2026-10-08,,
NMDC,Steel,Basic Materials,2026-10-08,Mining,
NOCIL,Specialty Chemicals,Basic Materials,2026-10-08,Chemicals - Speciality,2026-10-29
NOIDATOLL,Infrastructure Operations,Industrials,2026-10-08,Construction,
NORBTEAEXP,Farm Products,Consumer Defensive,2026-10-08,Tea And Coffee,
NORTHARC,Credit Services,Financial Services,2026-10-08,,
NOVAAGRI,Agricultural Inputs,Basic Materials,2026-10-08,,
NOVARTIND,Drug Manufacturers - Specialty & Generic,Healthcare,2026-10-08,,
NPST,Software - Application,Technology,2026-10-08,,
NRAIL,Paper & Paper Products,Basic Materials,2026-10-08,,
NRBBEARING,Auto Parts,Consumer Cyclical,2026-10-08,Bearings,
NRL,Waste Management,Industrials,2026-10-08,,
NSIL,Asset Management,Financial Services,2026-10-08,Finance,
NSLNISP,Steel,Basic Materials,2026-10-08,,
NTCIND,Tobacco,Consumer Defensive,2026-10-08,,
NTPC,Utilities - Regulated Electric,Utilities,2026-10-08,Power,
NTPCGREEN,Utilities - Renewable,Utilities,2026-10-08,,
NUCLEUS,Software - Application,Technology,2026-10-08,Computers - Software,
NURECA,Medical Devices,Healthcare,2026-10-08,,
NUVAMA,Asset Management,Financial Services,2026-10-08,,
NUVOCO,Building Materials,Basic Materials,2026-10-08,,2026-10-22
NYKAA,Internet Retail,Consumer Cyclical,2026-10-08,,
OAL,Specialty Chemicals,Basic Materials,2026-10-08,,
OBCL,Trucking,Industrials,2026-10-08,,
OBEROIRLTY,Real Estate - Development,Real Estate,2026-10-08,Construction,
OCCLLTD,Chemicals,Basic Materials,2026-10-08,,
ODIGMA,Advertising Agencies,Communication Services,2026-10-08,,
ODYCORP,Capital Markets,Financial Services,2026-10-08,,
OFSS,Software - Infrastructure,Technology,2026-10-08,Computers - Software,
OIL,Oil & Gas Integrated,Energy,2026-10-08,Oil Exploration/Production,
OILCOUNTUB,Oil & Gas Equipment & Services,Energy,2026-10-08,Steel And Steel Products,
OLAELEC,Auto Manufacturers,Consumer Cyclical,2026-10-08,,
OLECTRA,Farm & Heavy Construction Machinery,Industrials,2026-10-08,,
OMAXAUTO,Auto Parts,Consumer Cyclical,2026-10-08,Auto Ancillaries,
OMAXE,Real Estate - Development,Real Estate,2026-10-08,Construction,
OMFREIGHT,Integrated Freight & Logistics,Industrials,2026-10-08,,
OMINFRAL,Engineering & Construction,Industrials,2026-10-08,,
OMNI,Specialty Industrial Machinery,Industrials,2026-10-08,,
OMPOWER,Engineering & Construction,Industrials,2026-10-08,,
ONEGLOBAL,Pharmaceutical Retailers,Healthcare,2026-10-08,,
ONELIFECAP,Capital Markets,Financial Services,2026-10-08,Finance,
ONEPOINT,Specialty Business Services,Industrials,2026-10-08,,
ONESOURCE,Biotechnology,Healthcare,2026-10-08,,
ONGC,Oil & Gas Integrated,Energy,2026-10-08,Oil Exploration/Production,
ONIDA,"Furnishings, Fixtures & Appliances",Consumer Cyclical,2026-10-08,,
ONIXSOLAR,Solar,Technology,2026-10-08,,
ONMOBILE,Telecom Services,Communication Services,2026-10-08,Telecommunication - Services,
ONWARDTEC,Information Technology Services,Technology,2026-10-08,Computers - Software,
OPTIEMUS,Electronics & Computer Distribution,Technology,2026-10-08,,
OPTIFIN,Chemicals,Basic Materials,2026-10-08,,
ORBTEXP,Textile Manufacturing,Consumer Cyclical,2026-10-08,,
ORCHASP,Software - Application,Technology,2026-10-08,,
ORCHPHARMA,Drug Manufacturers - Specialty & Generic,Healthcare,2026-10-08,,
ORICONENT,Packaging & Containers,Consumer Cyclical,2026-10-08,,
ORIENTALTL,Building Products & Equipment,Industrials,2026-10-08,Construction,
ORIENTBELL,Building Products & Equipment,Industrials,2026-10-08,Ceramics And Sanitaryware,
ORIENTCABL,Electrical Equipment & Parts,Industrials,2026-10-08,,
ORIENTCEM,Building Materials,Basic Materials,2026-10-08,,
ORIENTCER,Specialty Chemicals,Basic Materials,2026-10-08,,
ORIENTELEC,"Furnishings, Fixtures & Appliances",Consumer Cyclical,2026-10-08,,2026-10-15
ORIENTHOT,Lodging,Consumer Cyclical,2026-10-08,Hotels,
ORIENTLTD,Packaging & Containers,Consumer Cyclical,2026-10-08,Packaging,
ORIENTPPR,Paper & Paper Products,Basic Materials,2026-10-08,Cement And Cement Products,2026-11-05
ORIENTTECH,Information Technology Services,Technology,2026-10-08,,
ORIRAIL,Railroads,Industrials,2026-10-08,,
ORISSAMINE,Steel,Basic Materials,2026-10-08,Mining,
ORKLAINDIA,Packaged Foods,Consumer Defensive,2026-10-08,,
ORTINGLOBE,Drug Manufacturers - Specialty & Generic,Healthcare,2026-10-08,,
OSWALAGRO,Real Estate - Development,Real Estate,2026-10-08,,
OSWALGREEN,Asset Management,Financial Services,2026-10-08,,
OSWALPUMPS,Electrical Equipment & Parts,Industrials,2026-10-08,,
OSWALSEEDS,Agricultural Inputs,Basic Materials,2026-10-08,,
PACEDIGITK,Communication Equipment,Technology,2026-10-08,,
PACIFICI,Building Materials,Basic Materials,2026-10-08,,
PAGEIND,Apparel Manufacturing,Consumer Cyclical,2026-10-08,Textile Products,
PAISALO,Credit Services,Financial Services,2026-10-08,,
PAKKA,Paper & Paper Products,Basic Materials,2026-10-08,,2026-10-31
PALASHSECU,Packaged Foods,Consumer Defensive,2026-10-08,,
PALREDTEC,Consumer Electronics,Technology,2026-10-08,,
PANACEABIO,Biotechnology,Healthcare,2026-10-08,Pharmaceuticals,
PANACHE,Communication Equipment,Technology,2026-10-08,,
PANAMAPET,Oil & Gas Refining & Marketing,Energy,2026-10-08,Lubricants,
PANCHMAHQ,Steel,Basic Materials,2026-10-08,,
PANORAMA,Entertainment,Communication Services,2026-10-08,,
PANSARI,Real Estate - Development,Real Estate,2026-10-08,,
PAR,Drug Manufacturers - Specialty & Generic,Healthcare,2026-10-08,,
PARACABLES,Communication Equipment,Technology,2026-10-08,Cables - Power,
PARADEEP,Agricultural Inputs,Basic Materials,2026-10-08,,
PARAGMILK,Packaged Foods,Consumer Defensive,2026-10-08,,
PARAS,Aerospace & Defense,Industrials,2026-10-08,,
PARASPETRO,Textile Manufacturing,Consumer Cyclical,2026-10-08,Textiles - Synthetic,
PARIN,"Furnishings, Fixtures & Appliances",Consumer Cyclical,2026-10-08,,
PARKHOSPS,Medical Care Facilities,Healthcare,2026-10-08,,
PARKHOTELS,Lodging,Consumer Cyclical,2026-10-08,,
PARNAXLAB,Drug Manufacturers - Specialty & Generic,Healthcare,2026-10-08,,
PARSVNATH,Real Estate - Development,Real Estate,2026-10-08,Construction,
PASHUPATI,Textile Manufacturing,Consumer Cyclical,2026-10-08,,
PASUPTAC,Textile Manufacturing,Consumer Cyclical,2026-10-08,,
PATANJALI,Packaged Foods,Consumer Defensive,2026-10-08,,
PATELENG,Engineering & Construction,Industrials,2026-10-08,Construction,
PATELRMART,Department Stores,Consumer Cyclical,2026-10-08,,
PATINTLOG,Integrated Freight & Logistics,Industrials,2026-10-08,Travel And Transport,
PAUSHAKLTD,Specialty Chemicals,Basic Materials,2026-10-08,,
PAVNAIND,Auto Parts,Consumer Cyclical,2026-10-08,,
PAYTM,Software - Infrastructure,Technology,2026-10-08,,
PBMPOLY,Textile Manufacturing,Consumer Cyclical,2026-10-08,,
PCBL,Specialty Chemicals,Basic Materials,2026-10-08,,
PCJEWELLER,Luxury Goods,Consumer Cyclical,2026-10-08,Gems Jewellery And Watches,
PDMJEPAPER,Paper & Paper Products,Basic Materials,2026-10-08,,
PDSL,Specialty Business Services,Industrials,2026-10-08,,
PEARLPOLY,Packaging & Containers,Consumer Cyclical,2026-10-08,Plastic And Plastic Products,
PENIND,Specialty Industrial Machinery,Industrials,2026-10-08,Steel And Steel Products,
PENINLAND,Real Estate - Development,Real Estate,2026-10-08,Construction,
PERMAGN,Electrical Equipment & Parts,Industrials,2026-10-08,,
PERNIASPOP,Apparel Retail,Consumer Cyclical,2026-10-08,,
PERSISTENT,Information Technology Services,Technology,2026-10-08,Computers - Software,2026-10-15
PETRONET,Oil & Gas Refining & Marketing,Energy,2026-10-08,Gas,
PFC,Credit Services,Financial Services,2026-10-08,Financial Institution,
PFIZER,Drug Manufacturers - General,Healthcare,2026-10-08,Pharmaceuticals,
PFOCUS,Entertainment,Communication Services,2026-10-08,Media & Entertainment,
PFS,Credit Services,Financial Services,2026-10-08,Finance,
PGEL,Electronic Components,Technology,2026-10-08,Consumer Durables,
PGHH,Household & Personal Products,Consumer Defensive,2026-10-08,Personal Care,2026-11-12
PGHL,Drug Manufacturers - Specialty & Generic,Healthcare,2026-10-08,,2026-11-02
PGIL,Apparel Manufacturing,Consumer Cyclical,2026-10-08,Textile Products,
PHOENIXLTD,Real Estate - Diversified,Real Estate,2026-10-08,Construction,
PHOENXINTL,Footwear & Accessories,Consumer Cyclical,2026-10-08,,
PICCADIL,Beverages - Wineries & Distilleries,Consumer Defensive,2026-10-08,,
PIDILITIND,Specialty Chemicals,Basic Materials,2026-10-08,Chemicals - Speciality,
PIGL,Engineering & Construction,Industrials,2026-10-08,,
PIIND,Agricultural Inputs,Basic Materials,2026-10-08,Pesticides And Agrochemicals,
PILANIINVS,Asset Management,Financial Services,2026-10-08,,
PILITA,"Furnishings, Fixtures & Appliances",Consumer Cyclical,2026-10-08,,
PINELABS,Software - Infrastructure,Technology,2026-10-08,,
PIONEEREMB,Textile Manufacturing,Consumer Cyclical,2026-10-08,Textile Products,
PIONRINV,Capital Markets,Financial Services,2026-10-08,,
PIRAMALFIN,Credit Services,Financial Services,2026-10-08,,
PITTIENG,Metal Fabrication,Industrials,2026-10-08,,
PIXTRANS,Specialty Industrial Machinery,Industrials,2026-10-08,,
PKTEA,Farm Products,Consumer Defensive,2026-10-08,,
PLASTIBLEN,Specialty Chemicals,Basic Materials,2026-10-08,Plastic And Plastic Products,2026-10-12
PLATIND,Specialty Chemicals,Basic Materials,2026-10-08,,
PLAZACABLE,Electrical Equipment & Parts,Industrials,2026-10-08,,
PML,Capital Markets,Financial Services,2026-10-08,,
PNB,Banks - Regional,Financial Services,2026-10-08,Banks,
PNBGILTS,Capital Markets,Financial Services,2026-10-08,Finance,2026-10-13
PNBHOUSING,Mortgage Finance,Financial Services,2026-10-08,,
PNC,Entertainment,Communication Services,2026-10-08,Media & Entertainment,
PNCINFRA,Engineering & Construction,Industrials,2026-10-08,,
PNGJL,Luxury Goods,Consumer Cyclical,2026-10-08,,
PNGSREVA,Luxury Goods,Consumer Cyclical,2026-10-08,,
POCL,Specialty Chemicals,Basic Materials,2026-10-08,,
PODDARMENT,Specialty Chemicals,Basic Materials,2026-10-08,,
POEL,Chemicals,Basic Materials,2026-10-08,,
POKARNA,Building Products & Equipment,Industrials,2026-10-08,,
POLICYBZR,Insurance Brokers,Financial Services,2026-10-08,,
POLYCAB,Electrical Equipment & Parts,Industrials,2026-10-08,,2026-10-15
POLYMED,Medical Instruments & Supplies,Healthcare,2026-10-08,Pharmaceuticals,
POLYPLEX,Specialty Chemicals,Basic Materials,2026-10-08,Packaging,
POLYSPIN,Packaging & Containers,Consumer Cyclical,2026-10-08,,
PONNIERODE,Confectioners,Consumer Defensive,2026-10-08,Sugar,2026-10-23
POONAWALLA,Credit Services,Financial Services,2026-10-08,,2026-10-09
POWERGRID,Utilities - Regulated Electric,Utilities,2026-10-08,Power,
POWERICA,Specialty Industrial Machinery,Industrials,2026-10-08,,
POWERINDIA,Electrical Equipment & Parts,Industrials,2026-10-08,,
POWERMECH,Engineering & Construction,Industrials,2026-10-08,,
PPAP,Auto Parts,Consumer Cyclical,2026-10-08,Auto Ancillaries,
PPL,Building Products & Equipment,Industrials,2026-10-08,,
PPLPHARMA,Drug Manufacturers - Specialty & Generic,Healthcare,2026-10-08,,
PRABHA,Oil & Gas E&P,Energy,2026-10-08,,
PRADPME,Metal Fabrication,Industrials,2026-10-08,,
PRAENG,Real Estate - Development,Real Estate,2026-10-08,Construction,
PRAJIND,Engineering & Construction,Industrials,2026-10-08,Engineering,
PRAKASH,Steel,Basic Materials,2026-10-08,Steel And Steel Products,
PRAKASHSTL,Steel,Basic Materials,2026-10-08,Steel And Steel Products,
PRANAV,Real Estate - Development,Real Estate,2026-10-08,,
PRASOLCHEM,Specialty Chemicals,Basic Materials,2026-10-08,,
PRAVEG,Advertising Agencies,Communication Services,2026-10-08,,
PRAXIS,Specialty Retail,Consumer Cyclical,2026-10-08,,
PRECAM,Auto Parts,Consumer Cyclical,2026-10-08,,
PRECOT,Textile Manufacturing,Consumer Cyclical,2026-10-08,Textiles - Cotton,
PRECWIRE,Electrical Equipment & Parts,Industrials,2026-10-08,Metals,
PREMCO,Textile Manufacturing,Consumer Cyclical,2026-10-08,,
PREMEXPLN,Specialty Chemicals,Basic Materials,2026-10-08,,
PREMIER,Specialty Industrial Machinery,Industrials,2026-10-08,Electrical Equipment,
PREMIERENE,Solar,Technology,2026-10-08,,
PREMIERPOL,Specialty Chemicals,Basic Materials,2026-10-08,Plastic And Plastic Products,2026-10-10
PRESTIGE,Real Estate - Diversified,Real Estate,2026-10-08,Construction,
PRICOLLTD,Auto Parts,Consumer Cyclical,2026-10-08,,
PRIMESECU,Capital Markets,Financial Services,2026-10-08,Finance,
PRIMO,Chemicals,Basic Materials,2026-10-08,,
PRINCEPIPE,Building Products & Equipment,Industrials,2026-10-08,,
PRIORITY,Luxury Goods,Consumer Cyclical,2026-10-08,,
PRISMX,Capital Markets,Financial Services,2026-10-08,,
PRITI,"Furnishings, Fixtures & Appliances",Consumer Cyclical,2026-10-08,,
PRITIKAUTO,Specialty Industrial Machinery,Industrials,2026-10-08,,
PRIVISCL,Specialty Chemicals,Basic Materials,2026-10-08,,
PROSTARM,Electrical Equipment & Parts,Industrials,2026-10-08,,
PROTEAN,Information Technology Services,Technology,2026-10-08,,
PROZONER,Real Estate - Diversified,Real Estate,2026-10-08,,
PRSMJOHNSN,Building Materials,Basic Materials,2026-10-08,,
PRUDENT,Asset Management,Financial Services,2026-10-08,,
PRUDMOULI,Confectioners,Consumer Defensive,2026-10-08,,
PSB,Banks - Regional,Financial Services,2026-10-08,Banks,
PSPPROJECT,Engineering & Construction,Industrials,2026-10-08,,
PTC,Utilities - Independent Power Producers,Utilities,2026-10-08,Power,
PTCIL,Metal Fabrication,Industrials,2026-10-08,,
PTL,Real Estate Services,Real Estate,2026-10-08,Miscellaneous,
PUNJABCHEM,Chemicals,Basic Materials,2026-10-08,Pesticides And Agrochemicals,
PURVA,Real Estate - Development,Real Estate,2026-10-08,Construction,
PVP,Conglomerates,Industrials,2026-10-08,Construction,
PVRINOX,Entertainment,Communication Services,2026-10-08,,
PVSL,Auto & Truck Dealerships,Consumer Cyclical,2026-10-08,,
PWL,Education & Training Services,Consumer Defensive,2026-10-08,,
PYRAMID,Packaging & Containers,Consumer Cyclical,2026-10-08,,
QMSMEDI,Medical Instruments & Supplies,Healthcare,2026-10-08,,
QPOWER,Electrical Equipment & Parts,Industrials,2026-10-08,,
QUADFUTURE,Railroads,Industrials,2026-10-08,,
QUESS,Staffing & Employment Services,Industrials,2026-10-08,,
QUICKHEAL,Software - Application,Technology,2026-10-08,,
QUINT,Entertainment,Communication Services,2026-10-08,,
QUINTEGRA,Information Technology Services,Technology,2026-10-08,Computers - Software,
RACE,Waste Management,Industrials,2026-10-08,,
RACLGEAR,Auto Parts,Consumer Cyclical,2026-10-08,,
RADAAN,Entertainment,Communication Services,2026-10-08,Media & Entertainment,
RADHIKAJWE,Luxury Goods,Consumer Cyclical,2026-10-08,,
RADIANTCMS,Specialty Business Services,Industrials,2026-10-08,,
RADICO,Beverages - Wineries & Distilleries,Consumer Defensive,2026-10-08,Brew/Distilleries,2026-10-27
RADIOCITY,Broadcasting,Communication Services,2026-10-08,,
RAILTEL,Telecom Services,Communication Services,2026-10-08,,
RAIN,Specialty Chemicals,Basic Materials,2026-10-08,,2026-11-06
RAINBOW,Medical Care Facilities,Healthcare,2026-10-08,,
RAJMET,Copper,Basic Materials,2026-10-08,,
RAJOOENG,Specialty Industrial Machinery,Industrials,2026-10-08,,
RAJPALAYAM,Textile Manufacturing,Consumer Cyclical,2026-10-08,,
RAJRATAN,Steel,Basic Materials,2026-10-08,,
RAJRILTD,Textile Manufacturing,Consumer Cyclical,2026-10-08,,
RAJSREESUG,Confectioners,Consumer Defensive,2026-10-08,Sugar,
RAJTV,Broadcasting,Communication Services,2026-10-08,Media & Entertainment,
RALLIS,Agricultural Inputs,Basic Materials,2026-10-08,Pesticides And Agrochemicals,
RAMANEWS,Beverages - Non-Alcoholic,Consumer Defensive,2026-10-08,Paper And Paper Products,
RAMAPHO,Agricultural Inputs,Basic Materials,2026-10-08,,
RAMASTEEL,Steel,Basic Materials,2026-10-08,,
RAMBHAJO,Luxury Goods,Consumer Cyclical,2026-10-08,,
RAMCOCEM,Building Materials,Basic Materials,2026-10-08,,
RAMCOIND,Building Products & Equipment,Industrials,2026-10-08,Cement And Cement Products,
RAMCOSYS,Software - Application,Technology,2026-10-08,Computers - Software,
RAMKY,Engineering & Construction,Industrials,2026-10-08,Construction,
RAMRAT,Electrical Equipment & Parts,Industrials,2026-10-08,,
RANASUG,Confectioners,Consumer Defensive,2026-10-08,Sugar,
RANEHOLDIN,Auto Parts,Consumer Cyclical,2026-10-08,Finance,2026-11-12
RATEGAIN,Software - Application,Technology,2026-10-08,,
RATNAMANI,Steel,Basic Materials,2026-10-08,Steel And Steel Products,
RATNAVEER,Steel,Basic Materials,2026-10-08,,
RAYMOND,Specialty Industrial Machinery,Industrials,2026-10-08,Textile Products,
RAYMONDLSL,Apparel Manufacturing,Consumer Cyclical,2026-10-08,,
RAYMONDREL,Real Estate - Development,Real Estate,2026-10-08,,
RBA,Restaurants,Consumer Cyclical,2026-10-08,,
RBLBANK,Banks - Regional,Financial Services,2026-10-08,,2026-10-12
RBZJEWEL,Luxury Goods,Consumer Cyclical,2026-10-08,,
RCF,Agricultural Inputs,Basic Materials,2026-10-08,Fertilisers,
RCOM,Telecom Services,Communication Services,2026-10-08,Telecommunication - Services,
RECLTD,Credit Services,Financial Services,2026-10-08,Financial Institution,
REDINGTON,Information Technology Services,Technology,2026-10-08,Trading,
REDTAPE,Footwear & Accessories,Consumer Cyclical,2026-10-08,,
REFEX,Thermal Coal,Energy,2026-10-08,Gas,
REGAAL,Packaged Foods,Consumer Defensive,2026-10-08,,
REGENCERAM,Building Products & Equipment,Industrials,2026-10-08,Ceramics And Sanitaryware,
RELAXO,Footwear & Accessories,Consumer Cyclical,2026-10-08,Leather And Leather Products,
RELCHEMQ,Textile Manufacturing,Consumer Cyclical,2026-10-08,,
RELIABLE,Information Technology Services,Technology,2026-10-08,,
RELIANCE,Oil & Gas Refining & Marketing,Energy,2026-10-08,Refineries,
RELIGARE,Insurance - Life,Financial Services,2026-10-08,Finance,
RELINFRA,Utilities - Independent Power Producers,Utilities,2026-10-08,Power,
RELTD,Solar,Technology,2026-10-08,,
REMSONSIND,Auto Parts,Consumer Cyclical,2026-10-08,Auto Ancillaries,
RENTOMOJO,Rental & Leasing Services,Industrials,2026-10-08,,
RENUKA,Confectioners,Consumer Defensive,2026-10-08,Sugar,2026-10-30
REPCOHOME,Mortgage Finance,Financial Services,2026-10-08,Finance - Housing,
REPL,Consulting Services,Industrials,2026-10-08,,
REPRO,Specialty Business Services,Industrials,2026-10-08,Printing And Publishing,
RESPONIND,Specialty Chemicals,Basic Materials,2026-10-08,Plastic And Plastic Products,
RETAIL,Grocery Stores,Consumer Defensive,2026-10-08,,
RGL,Luxury Goods,Consumer Cyclical,2026-10-08,,
RHETAN,Steel,Basic Materials,2026-10-08,,
RHIM,Metal Fabrication,Industrials,2026-10-08,,
RHL,Lodging,Consumer Cyclical,2026-10-08,,
RICOAUTO,Auto Parts,Consumer Cyclical,2026-10-08,Auto Ancillaries,
RIIL,Engineering & Construction,Industrials,2026-10-08,Engineering,2026-10-14
RIR,Semiconductors,Technology,2026-10-08,,
RISHABH,Scientific & Technical Instruments,Technology,2026-10-08,,
RITCO,Integrated Freight & Logistics,Industrials,2026-10-08,,
RITES,Engineering & Construction,Industrials,2026-10-08,,
RKDL,Beverages - Wineries & Distilleries,Consumer Defensive,2026-10-08,Brew/Distilleries,
RKEC,Engineering & Construction,Industrials,2026-10-08,,
RKFORGE,Metal Fabrication,Industrials,2026-10-08,Castings/Forgings,
RKSWAMY,Advertising Agencies,Communication Services,2026-10-08,,
RMC,Electrical Equipment & Parts,Industrials,2026-10-08,,
RMDRIP,Farm & Heavy Construction Machinery,Industrials,2026-10-08,,
RML,Auto Parts,Consumer Cyclical,2026-10-08,Auto Ancillaries,2026-11-03
RNBDENIMS,Textile Manufacturing,Consumer Cyclical,2026-10-08,,
ROHLTD,Lodging,Consumer Cyclical,2026-10-08,Hotels,
ROLEXRINGS,Metal Fabrication,Industrials,2026-10-08,,
ROLLT,Real Estate Services,Real Estate,2026-10-08,,
ROML,Packaged Foods,Consumer Defensive,2026-10-08,,
ROSSARI,Specialty Chemicals,Basic Materials,2026-10-08,,
ROSSELLIND,Conglomerates,Industrials,2026-10-08,Tea And Coffee,
ROSSTECH,Aerospace & Defense,Industrials,2026-10-08,,
ROTO,Specialty Industrial Machinery,Industrials,2026-10-08,,
ROUTE,Telecom Services,Communication Services,2026-10-08,,
RPEL,Chemicals,Basic Materials,2026-10-08,,
RPGLIFE,Drug Manufacturers - Specialty & Generic,Healthcare,2026-10-08,Pharmaceuticals,
RPOWER,Utilities - Independent Power Producers,Utilities,2026-10-08,Power,
RPPINFRA,Engineering & Construction,Industrials,2026-10-08,Construction,
RPPL,Packaging & Containers,Consumer Cyclical,2026-10-08,,
RPSGVENT,Information Technology Services,Technology,2026-10-08,,
RPTECH,Electronics & Computer Distribution,Technology,2026-10-08,,
RRECL,Real Estate Services,Real Estate,2026-10-08,,
RRIL,Textile Manufacturing,Consumer Cyclical,2026-10-08,,
RRKABEL,Electrical Equipment & Parts,Industrials,2026-10-08,,
RSDFIN,Asset Management,Financial Services,2026-10-08,,
RSL,Steel,Basic Materials,2026-10-08,,
RSSOFTWARE,Information Technology Services,Technology,2026-10-08,Computers - Software,2026-10-28
RSWM,Textile Manufacturing,Consumer Cyclical,2026-10-08,Textiles - Synthetic,
RSYSTEMS,Information Technology Services,Technology,2026-10-08,Computers - Software,
RTNINDIA,Internet Retail,Consumer Cyclical,2026-10-08,,
RTNPOWER,Utilities - Independent Power Producers,Utilities,2026-10-08,,
RTSPOWR,Electrical Equipment & Parts,Industrials,2026-10-08,,
RUBFILA,Specialty Chemicals,Basic Materials,2026-10-08,,
RUBICON,Drug Manufacturers - General,Healthcare,2026-10-08,,
RUBYMILLS,Textile Manufacturing,Consumer Cyclical,2026-10-08,Textile Products,
RUCHINFRA,Specialty Business Services,Industrials,2026-10-08,Food And Food Processing,
RUCHIRA,Paper & Paper Products,Basic Materials,2026-10-08,Paper And Paper Products,
RUDRA,Steel,Basic Materials,2026-10-08,,
RUNWALENTR,Real Estate - Development,Real Estate,2026-10-08,,
RUPA,Apparel Manufacturing,Consumer Cyclical,2026-10-08,Textile Products,
RUSHIL,"Furnishings, Fixtures & Appliances",Consumer Cyclical,2026-10-08,Construction,
RUSTOMJEE,Real Estate - Development,Real Estate,2026-10-08,,
RVHL,Real Estate - Development,Real Estate,2026-10-08,,
RVNL,Engineering & Construction,Industrials,2026-10-08,,
RVTH,Farm & Heavy Construction Machinery,Industrials,2026-10-08,,
S&SPOWER,Electrical Equipment & Parts,Industrials,2026-10-08,,
SAATVIKGL,Solar,Technology,2026-10-08,,
SAB,Engineering & Construction,Industrials,2026-10-08,,
SADBHAV,Engineering & Construction,Industrials,2026-10-08,Construction,
SADBHIN,Engineering & Construction,Industrials,2026-10-08,,
SADHNANIQ,Chemicals,Basic Materials,2026-10-08,,
SAFARI,Footwear & Accessories,Consumer Cyclical,2026-10-08,,
SAGARDEEP,Copper,Basic Materials,2026-10-08,,
SAGCEM,Building Materials,Basic Materials,2026-10-08,Cement And Cement Products,
SAGILITY,Health Information Services,Healthcare,2026-10-08,,
SAHLIBHFI,Credit Services,Financial Services,2026-10-08,,
SAHYADRI,Building Products & Equipment,Industrials,2026-10-08,,
SAICAPI,Capital Markets,Financial Services,2026-10-08,,
SAIL,Steel,Basic Materials,2026-10-08,Steel And Steel Products,
SAILIFE,Diagnostics & Research,Healthcare,2026-10-08,,2026-11-05
SAIPARENT,Drug Manufacturers - General,Healthcare,2026-10-08,,
SAKAR,Drug Manufacturers - Specialty & Generic,Healthcare,2026-10-08,,
SAKHTISUG,Confectioners,Consumer Defensive,2026-10-08,Sugar,
SAKSOFT,Information Technology Services,Technology,2026-10-08,Computers - Software,
SAKUMA,Farm Products,Consumer Defensive,2026-10-08,Trading,
SALASAR,Steel,Basic Materials,2026-10-08,,
SALONA,Textile Manufacturing,Consumer Cyclical,2026-10-08,,
SALSTEEL,Steel,Basic Materials,2026-10-08,Steel And Steel Products,
SALZERELEC,Electrical Equipment & Parts,Industrials,2026-10-08,,
SAMBANDAM,Textile Manufacturing,Consumer Cyclical,2026-10-08,,
SAMBHAAV,Publishing,Communication Services,2026-10-08,Printing And Publishing,
SAMBHV,Steel,Basic Materials,2026-10-08,,
SAMHI,Lodging,Consumer Cyclical,2026-10-08,,
SAMMAANCAP,Mortgage Finance,Financial Services,2026-10-08,,
SAMPANN,Specialty Chemicals,Basic Materials,2026-10-08,,
SANATHAN,Textile Manufacturing,Consumer Cyclical,2026-10-08,,
SANDESH,Publishing,Communication Services,2026-10-08,Printing And Publishing,
SANDHAR,Auto Parts,Consumer Cyclical,2026-10-08,,
SANDUMA,Steel,Basic Materials,2026-10-08,,
SANGAMIND,Textile Manufacturing,Consumer Cyclical,2026-10-08,Textiles - Synthetic,
SANGHVIMOV,Rental & Leasing Services,Industrials,2026-10-08,Engineering,
SANOFI,Drug Manufacturers - General,Healthcare,2026-10-08,Pharmaceuticals,
SANOFICONR,Drug Manufacturers - General,Healthcare,2026-10-08,,
SANSERA,Auto Parts,Consumer Cyclical,2026-10-08,,
SANSTAR,Chemicals,Basic Materials,2026-10-08,,
SAPPHIRE,Restaurants,Consumer Cyclical,2026-10-08,,
SAPPL,Paper & Paper Products,Basic Materials,2026-10-08,,
SARDAEN,Steel,Basic Materials,2026-10-08,Steel And Steel Products,
SAREGAMA,Entertainment,Communication Services,2026-10-08,Media & Entertainment,
SARLAPOLY,Textile Manufacturing,Consumer Cyclical,2026-10-08,Textiles - Synthetic,
SARVESHWAR,Packaged Foods,Consumer Defensive,2026-10-08,,
SASKEN,Information Technology Services,Technology,2026-10-08,Computers - Software,
SATIA,Paper & Paper Products,Basic Materials,2026-10-08,,
SATIN,Credit Services,Financial Services,2026-10-08,,
SAURASHCEM,Building Materials,Basic Materials,2026-10-08,,
SAYAJIHOTL,Lodging,Consumer Cyclical,2026-10-08,,
SAYAJIIND,Farm Products,Consumer Defensive,2026-10-08,,
SBC,Apparel Manufacturing,Consumer Cyclical,2026-10-08,,
SBCL,Metal Fabrication,Industrials,2026-10-08,,
SBFC,Credit Services,Financial Services,2026-10-08,,2026-10-24
SBGLP,Real Estate - Development,Real Estate,2026-10-08,,
SBICARD,Credit Services,Financial Services,2026-10-08,,
SBIFUNDS,Asset Management,Financial Services,2026-10-08,,
SBILIFE,Insurance - Life,Financial Services,2026-10-08,,
SBIN,Banks - Regional,Financial Services,2026-10-08,Banks,
SCANSTL,Steel,Basic Materials,2026-10-08,,
SCHAEFFLER,Auto Parts,Consumer Cyclical,2026-10-08,,
SCHAND,Publishing,Communication Services,2026-10-08,,
SCHNEIDER,Electrical Equipment & Parts,Industrials,2026-10-08,Electrical Equipment,
SCI,Marine Shipping,Industrials,2026-10-08,Shipping,
SCILAL,Real Estate Services,Real Estate,2026-10-08,,
SCODATUBES,Steel,Basic Materials,2026-10-08,,
SCPL,Packaged Foods,Consumer Defensive,2026-10-08,,
SDBL,Beverages - Brewers,Consumer Defensive,2026-10-08,,
SEAMECLTD,Marine Shipping,Industrials,2026-10-08,Shipping,
SECMARK,Consulting Services,Industrials,2026-10-08,,
SECURKLOUD,Software - Application,Technology,2026-10-08,,
SEDEMAC,Auto Parts,Consumer Cyclical,2026-10-08,,
SEIL,Education & Training Services,Consumer Defensive,2026-10-08,,
SEJALLTD,Building Products & Equipment,Industrials,2026-10-08,,
SEKURITIND,Auto Parts,Consumer Cyclical,2026-10-08,,
SEMAC,Engineering & Construction,Industrials,2026-10-08,,
SENCO,Luxury Goods,Consumer Cyclical,2026-10-08,,
SENORES,Drug Manufacturers - General,Healthcare,2026-10-08,,
SEPC,Engineering & Construction,Industrials,2026-10-08,,
SERVOTECH,Electrical Equipment & Parts,Industrials,2026-10-08,,
SESHAPAPER,Paper & Paper Products,Basic Materials,2026-10-08,Paper And Paper Products,
SETCO,Auto Parts,Consumer Cyclical,2026-10-08,,
SETL,Specialty Industrial Machinery,Industrials,2026-10-08,,
SEYAIND,Specialty Chemicals,Basic Materials,2026-10-08,,
SFL,"Furnishings, Fixtures & Appliances",Consumer Cyclical,2026-10-08,,
SGFIN,Capital Markets,Financial Services,2026-10-08,,
SGIL,Metal Fabrication,Industrials,2026-10-08,,
SGL,Textile Manufacturing,Consumer Cyclical,2026-10-08,Textile Products,
SGLRES,Software - Application,Technology,2026-10-08,,
SGMART,Industrial Distribution,Industrials,2026-10-08,,
SGRL,Drug Manufacturers - Specialty & Generic,Healthcare,2026-10-08,,
SHADOWFAX,Integrated Freight & Logistics,Industrials,2026-10-08,,
SHAH,Steel,Basic Materials,2026-10-08,,
SHAHALLOYS,Steel,Basic Materials,2026-10-08,Steel And Steel Products,
SHAHINVEST,Capital Markets,Financial Services,2026-10-08,,
SHAILY,Specialty Chemicals,Basic Materials,2026-10-08,,
SHAKTIPUMP,Specialty Industrial Machinery,Industrials,2026-10-08,Electronics - Industrial,
SHALBY,Medical Care Facilities,Healthcare,2026-10-08,,
SHALPAINTS,Specialty Chemicals,Basic Materials,2026-10-08,Paints,
SHANKARA,Home Improvement Retail,Consumer Cyclical,2026-10-08,,
SHANKESH,Luxury Goods,Consumer Cyclical,2026-10-08,,
SHANTI,Farm Products,Consumer Defensive,2026-10-08,,
SHANTIGEAR,Specialty Industrial Machinery,Industrials,2026-10-08,Auto Ancillaries,
SHANTIGOLD,Luxury Goods,Consumer Cyclical,2026-10-08,,
SHARDACROP,Agricultural Inputs,Basic Materials,2026-10-08,,
SHARDAMOTR,Auto Parts,Consumer Cyclical,2026-10-08,,
SHARDUL,Capital Markets,Financial Services,2026-10-08,,
SHAREINDIA,Capital Markets,Financial Services,2026-10-08,,
SHBAJRG,Steel,Basic Materials,2026-10-08,,
SHEKHAWATI,Textile Manufacturing,Consumer Cyclical,2026-10-08,,
SHEMAROO,Entertainment,Communication Services,2026-10-08,,
SHERVANI,Real Estate - Development,Real Estate,2026-10-08,,
SHILCTECH,Electrical Equipment & Parts,Industrials,2026-10-08,,
SHILGRAVQ,Specialty Industrial Machinery,Industrials,2026-10-08,,
SHILPAMED,Drug Manufacturers - Specialty & Generic,Healthcare,2026-10-08,Pharmaceuticals,
SHINDL,Farm Products,Consumer Defensive,2026-10-08,,
SHIPROCKET,Software - Application,Technology,2026-10-08,,
SHIVAAGRO,Agricultural Inputs,Basic Materials,2026-10-08,,
SHIVACEM,Building Materials,Basic Materials,2026-10-08,,
SHIVALIK,Agricultural Inputs,Basic Materials,2026-10-08,,
SHIVAMAUTO,Auto Parts,Consumer Cyclical,2026-10-08,Auto Ancillaries,
SHIVAMILLS,Textile Manufacturing,Consumer Cyclical,2026-10-08,,
SHIVATEX,Textile Manufacturing,Consumer Cyclical,2026-10-08,,
SHIVAUM,Steel,Basic Materials,2026-10-08,,
SHK,Specialty Chemicals,Basic Materials,2026-10-08,,
SHOPERSTOP,Department Stores,Consumer Cyclical,2026-10-08,Miscellaneous,
SHRADDHA,Real Estate - Development,Real Estate,2026-10-08,,
SHRADHA,Real Estate - Development,Real Estate,2026-10-08,,
SHREDIGCEM,Building Materials,Basic Materials,2026-10-08,,2026-10-23
SHREECEM,Building Materials,Basic Materials,2026-10-08,Cement And Cement Products,2026-10-23
SHREEJISPG,Marine Shipping,Industrials,2026-10-08,,
SHREEPUSHK,Specialty Chemicals,Basic Materials,2026-10-08,,
SHREERAMA,Packaging & Containers,Consumer Cyclical,2026-10-08,Packaging,
SHREYANIND,Paper & Paper Products,Basic Materials,2026-10-08,Paper And Paper Products,
SHRIKRISH,Real Estate - Development,Real Estate,2026-10-08,,
SHRINGARMS,Luxury Goods,Consumer Cyclical,2026-10-08,,
SHRIPISTON,Auto Parts,Consumer Cyclical,2026-10-08,,
SHRIRAMFIN,Credit Services,Financial Services,2026-10-08,,
SHRIRAMPPS,Real Estate - Development,Real Estate,2026-10-08,,
SHRJAGP,Textile Manufacturing,Consumer Cyclical,2026-10-08,,
SHUKRAPHAR,Drug Manufacturers - Specialty & Generic,Healthcare,2026-10-08,,
SHYAMCENT,Steel,Basic Materials,2026-10-08,,
SHYAMMETL,Steel,Basic Materials,2026-10-08,,
SHYAMTEL,Communication Equipment,Technology,2026-10-08,Telecommunication - Services,
SICAGEN,Steel,Basic Materials,2026-10-08,,
SICALLOG,Integrated Freight & Logistics,Industrials,2026-10-08,,
SIEL,Packaging & Containers,Consumer Cyclical,2026-10-08,,
SIEMENS,Specialty Industrial Machinery,Industrials,2026-10-08,Electrical Equipment,
SIGACHI,Drug Manufacturers - Specialty & Generic,Healthcare,2026-10-08,,
SIGIND,Conglomerates,Industrials,2026-10-08,,
SIGMA,Information Technology Services,Technology,2026-10-08,,
SIGMAADV,Aerospace & Defense,Industrials,2026-10-08,,
SIGNATURE,Real Estate - Development,Real Estate,2026-10-08,,
SIGNPOST,Advertising Agencies,Communication Services,2026-10-08,,
SIKA,Aerospace & Defense,Industrials,2026-10-08,,
SIKKO,Agricultural Inputs,Basic Materials,2026-10-08,,
SIL,Textile Manufacturing,Consumer Cyclical,2026-10-08,Trading,
SILGO,Luxury Goods,Consumer Cyclical,2026-10-08,,
SILINV,Asset Management,Financial Services,2026-10-08,Finance,
SILVERTUC,Information Technology Services,Technology,2026-10-08,,
SIMPLEXINF,Engineering & Construction,Industrials,2026-10-08,Construction,
SIMPLXREA,Real Estate - Development,Real Estate,2026-10-08,,
SINCLAIR,Lodging,Consumer Cyclical,2026-10-08,,
SINDHUTRAD,Conglomerates,Industrials,2026-10-08,,
SINGERIND,,,2026-10-08,,
SINTERCOM,Auto Parts,Consumer Cyclical,2026-10-08,,
SIRCA,Specialty Chemicals,Basic Materials,2026-10-08,,
SIS,Security & Protection Services,Industrials,2026-10-08,,
SIYSIL,Textile Manufacturing,Consumer Cyclical,2026-10-08,Textiles - Synthetic,
SJS,Auto Parts,Consumer Cyclical,2026-10-08,,
SJVN,Utilities - Renewable,Utilities,2026-10-08,Power,
SKFINDIA,Tools & Accessories,Industrials,2026-10-08,Bearings,
SKFINDUS,Tools & Accessories,Industrials,2026-10-08,,
SKIPPER,Engineering & Construction,Industrials,2026-10-08,,
SKMEGGPROD,Packaged Foods,Consumer Defensive,2026-10-08,Food And Food Processing,
SKYGOLD,Luxury Goods,Consumer Cyclical,2026-10-08,,
SKYWAYS,Integrated Freight & Logistics,Industrials,2026-10-08,,
SMARTLINK,Communication Equipment,Technology,2026-10-08,Computers - Hardware,
SMARTWORKS,Real Estate Services,Real Estate,2026-10-08,,2026-10-30
SMCGLOBAL,Capital Markets,Financial Services,2026-10-08,,
SMLMAH,Auto Manufacturers,Consumer Cyclical,2026-10-08,,2026-10-19
SMLT,Metal Fabrication,Industrials,2026-10-08,,
SMSPHARMA,Drug Manufacturers - General,Healthcare,2026-10-08,Pharmaceuticals,
SNOWMAN,Integrated Freight & Logistics,Industrials,2026-10-08,,
SOBHA,Real Estate - Development,Real Estate,2026-10-08,Construction,
SOFTTECH,Software - Application,Technology,2026-10-08,,
SOLARA,Drug Manufacturers - Specialty & Generic,Healthcare,2026-10-08,,
SOLARINDS,Specialty Chemicals,Basic Materials,2026-10-08,Chemicals - Speciality,
SOLARWORLD,Solar,Technology,2026-10-08,,
SOLEX,Solar,Technology,2026-10-08,,
SOMANYCERA,Building Products & Equipment,Industrials,2026-10-08,Ceramics And Sanitaryware,
SOMATEX,Textile Manufacturing,Consumer Cyclical,2026-10-08,Textiles - Cotton,
SOMICONVEY,Specialty Industrial Machinery,Industrials,2026-10-08,,
SONA,Textile Manufacturing,Consumer Cyclical,2026-10-08,,
SONACOMS,Auto Parts,Consumer Cyclical,2026-10-08,,
SONAL,Credit Services,Financial Services,2026-10-08,,
SONAMLTD,"Furnishings, Fixtures & Appliances",Consumer Cyclical,2026-10-08,,
SONATSOFTW,Information Technology Services,Technology,2026-10-08,Computers - Software,
SOTL,Specialty Chemicals,Basic Materials,2026-10-08,Lubricants,
SOUTHBANK,Banks - Regional,Financial Services,2026-10-08,Banks,2026-10-15
SOUTHWEST,Oil & Gas Equipment & Services,Energy,2026-10-08,,
SPAL,Apparel Manufacturing,Consumer Cyclical,2026-10-08,,
SPANDANA,Credit Services,Financial Services,2026-10-08,,
SPARC,Drug Manufacturers - Specialty & Generic,Healthcare,2026-10-08,Pharmaceuticals,
SPCENET,Capital Markets,Financial Services,2026-10-08,,
SPECIALITY,Restaurants,Consumer Cyclical,2026-10-08,Hotels,
SPECTRUM,Electrical Equipment & Parts,Industrials,2026-10-08,,
SPENCERS,Department Stores,Consumer Cyclical,2026-10-08,,
SPIC,Agricultural Inputs,Basic Materials,2026-10-08,Fertilisers,
SPLIL,Apparel Manufacturing,Consumer Cyclical,2026-10-08,Textile Products,
SPLPETRO,Specialty Chemicals,Basic Materials,2026-10-08,,
SPMLINFRA,Engineering & Construction,Industrials,2026-10-08,Construction,
SPORTKING,Textile Manufacturing,Consumer Cyclical,2026-10-08,,
SRD,Specialty Chemicals,Basic Materials,2026-10-08,,
SREEL,Footwear & Accessories,Consumer Cyclical,2026-10-08,,
SRF,Conglomerates,Industrials,2026-10-08,Textiles - Synthetic,
SRGHFL,Mortgage Finance,Financial Services,2026-10-08,,
SRHHYPOLTD,Chemicals,Basic Materials,2026-10-08,Chemicals - Inorganic,
SRIKPRIND,Building Products & Equipment,Industrials,2026-10-08,,
SRIT,Information Technology Services,Technology,2026-10-08,,
SRM,Engineering & Construction,Industrials,2026-10-08,,
SRTL,Textile Manufacturing,Consumer Cyclical,2026-10-08,,
SSDL,Apparel Retail,Consumer Cyclical,2026-10-08,,
SSRETAIL,Specialty Retail,Consumer Cyclical,2026-10-08,,2026-10-13
SSWL,Auto Parts,Consumer Cyclical,2026-10-08,Auto Ancillaries,2026-10-23
STALLION,Specialty Chemicals,Basic Materials,2026-10-08,,
STANLEY,"Furnishings, Fixtures & Appliances",Consumer Cyclical,2026-10-08,,
STAR,Drug Manufacturers - Specialty & Generic,Healthcare,2026-10-08,Pharmaceuticals,
STARCEMENT,Building Materials,Basic Materials,2026-10-08,,
STARHEALTH,Insurance - Life,Financial Services,2026-10-08,,2026-10-27
STARPAPER,Paper & Paper Products,Basic Materials,2026-10-08,Paper And Paper Products,
STARTECK,Credit Services,Financial Services,2026-10-08,,
STCINDIA,Conglomerates,Industrials,2026-10-08,Trading,2026-10-13
STEAMHOUSE,Utilities - Regulated Gas,Utilities,2026-10-08,,
STEELCAS,Steel,Basic Materials,2026-10-08,,
STEELCITY,Capital Markets,Financial Services,2026-10-08,,
STEELXIND,Steel,Basic Materials,2026-10-08,,
STEL,Asset Management,Financial Services,2026-10-08,Finance,
STERTOOLS,Tools & Accessories,Industrials,2026-10-08,Fastners,
STLNETWORK,Telecom Services,Communication Services,2026-10-08,,
STLSTRINF,Real Estate Services,Real Estate,2026-10-08,,
STLTECH,Communication Equipment,Technology,2026-10-08,,2026-10-23
STOVEKRAFT,"Furnishings, Fixtures & Appliances",Consumer Cyclical,2026-10-08,,
STUDDS,Auto Parts,Consumer Cyclical,2026-10-08,,
STYL,Software - Infrastructure,Technology,2026-10-08,,
STYLAMIND,"Furnishings, Fixtures & Appliances",Consumer Cyclical,2026-10-08,,
STYLEBAAZA,Apparel Retail,Consumer Cyclical,2026-10-08,,
STYRENIX,Chemicals,Basic Materials,2026-10-08,,
SUBEXLTD,Software - Application,Technology,2026-10-08,,
SUBROS,Auto Parts,Consumer Cyclical,2026-10-08,Auto Ancillaries,
SUDARCOLOR,Specialty Chemicals,Basic Materials,2026-10-08,,
SUDARSCHEM,Specialty Chemicals,Basic Materials,2026-10-08,Dyes And Pigments,
SUDEEPPHRM,Drug Manufacturers - Specialty & Generic,Healthcare,2026-10-08,,
SUKHJITS,Specialty Chemicals,Basic Materials,2026-10-08,,
SULA,Beverages - Wineries & Distilleries,Consumer Defensive,2026-10-08,,
SUMEDHA,Capital Markets,Financial Services,2026-10-08,,
SUMEETINDS,Textile Manufacturing,Consumer Cyclical,2026-10-08,Textile Products,
SUMICHEM,Agricultural Inputs,Basic Materials,2026-10-08,,2026-10-26
SUMIT,Real Estate - Development,Real Estate,2026-10-08,,
SUMMITSEC,Capital Markets,Financial Services,2026-10-08,Finance,
SUNCLAY,Metal Fabrication,Industrials,2026-10-08,,
SUNDARAM,Paper & Paper Products,Basic Materials,2026-10-08,Paper And Paper Products,
SUNDARMFIN,Credit Services,Financial Services,2026-10-08,Finance,
SUNDRMBRAK,Auto Parts,Consumer Cyclical,2026-10-08,Auto Ancillaries,
SUNDRMFAST,Auto Parts,Consumer Cyclical,2026-10-08,Fastners,
SUNDROP,Packaged Foods,Consumer Defensive,2026-10-08,,
SUNFLAG,Steel,Basic Materials,2026-10-08,Steel And Steel Products,
SUNLOC,Drug Manufacturers - Specialty & Generic,Healthcare,2026-10-08,,
SUNPHARMA,Drug Manufacturers - Specialty & Generic,Healthcare,2026-10-08,Pharmaceuticals,
SUNRAKSHAK,Textile Manufacturing,Consumer Cyclical,2026-10-08,,
SUNSHIEL,Specialty Chemicals,Basic Materials,2026-10-08,,
SUNSHINE,Entertainment,Communication Services,2026-10-08,,
SUNTECK,Real Estate - Development,Real Estate,2026-10-08,Construction,
SUNTV,Broadcasting,Communication Services,2026-10-08,Media & Entertainment,
SUPERHOUSE,Footwear & Accessories,Consumer Cyclical,2026-10-08,,
SUPERSPIN,Textile Manufacturing,Consumer Cyclical,2026-10-08,Textiles - Cotton,
SUPRAJIT,Auto Parts,Consumer Cyclical,2026-10-08,Auto Ancillaries,
SUPREME,Real Estate - Development,Real Estate,2026-10-08,,
SUPREMEIND,Building Products & Equipment,Industrials,2026-10-08,Plastic And Plastic Products,
SUPREMEINF,Engineering & Construction,Industrials,2026-10-08,Construction,
SUPRIYA,Biotechnology,Healthcare,2026-10-08,,
SUPTANERY,Footwear & Accessories,Consumer Cyclical,2026-10-08,,
SURAJEST,Real Estate - Development,Real Estate,2026-10-08,,
SURAJLTD,Steel,Basic Materials,2026-10-08,,
SURAKSHA,Diagnostics & Research,Healthcare,2026-10-08,,
SURANASOL,Solar,Technology,2026-10-08,,
SURANAT&P,Utilities - Independent Power Producers,Utilities,2026-10-08,Cables - Power,
SURYALA,Textile Manufacturing,Consumer Cyclical,2026-10-08,,
SURYALAXMI,Textile Manufacturing,Consumer Cyclical,2026-10-08,Textiles - Cotton,
SURYAROSNI,Steel,Basic Materials,2026-10-08,Steel And Steel Products,
SURYODAY,Banks - Regional,Financial Services,2026-10-08,,2026-10-29
SUTLEJTEX,Textile Manufacturing,Consumer Cyclical,2026-10-08,Textiles - Cotton,
SUVEN,Drug Manufacturers - Specialty & Generic,Healthcare,2026-10-08,Pharmaceuticals,
SUVIDHAA,Information Technology Services,Technology,2026-10-08,,
SUYOG,Telecom Services,Communication Services,2026-10-08,,
SUZLON,Specialty Industrial Machinery,Industrials,2026-10-08,Electrical Equipment,
SVGLOBAL,Real Estate Services,Real Estate,2026-10-08,,
SVLL,Trucking,Industrials,2026-10-08,,
SVPGLOB,Textile Manufacturing,Consumer Cyclical,2026-10-08,,
SWANCORP,Conglomerates,Industrials,2026-10-08,,
SWANDEF,Aerospace & Defense,Industrials,2026-10-08,,2026-10-12
SWARAJ,Textile Manufacturing,Consumer Cyclical,2026-10-08,,
SWARAJENG,Farm & Heavy Construction Machinery,Industrials,2026-10-08,Diesel Engines,2026-10-12
SWARNSAR,Luxury Goods,Consumer Cyclical,2026-10-08,,
SWASTIKAIN,Engineering & Construction,Industrials,2026-10-08,,
SWELECTES,Solar,Technology,2026-10-08,Power,
SWIGGY,Internet Retail,Consumer Cyclical,2026-10-08,,2026-10-22
SWISSMLTRY,Apparel Manufacturing,Consumer Cyclical,2026-10-08,,
SWSOLAR,Solar,Technology,2026-10-08,,
SYMBIOTEC,Drug Manufacturers - General,Healthcare,2026-10-08,,
SYMPHONY,"Furnishings, Fixtures & Appliances",Consumer Cyclical,2026-10-08,Consumer Durables,
SYNCOMF,Drug Manufacturers - Specialty & Generic,Healthcare,2026-10-08,,
SYNGENE,Diagnostics & Research,Healthcare,2026-10-08,,
SYRMA,Electronic Components,Technology,2026-10-08,,
SYSTMTXC,Capital Markets,Financial Services,2026-10-08,,
TAALTECH,Airports & Air Services,Industrials,2026-10-08,,
TAINWALCHM,Specialty Chemicals,Basic Materials,2026-10-08,Plastic And Plastic Products,
TAJGVK,Lodging,Consumer Cyclical,2026-10-08,Hotels,
TAKE,Health Information Services,Healthcare,2026-10-08,Computers - Software,
TALBROAUTO,Auto Parts,Consumer Cyclical,2026-10-08,Auto Ancillaries,
TAMBOLIIN,Metal Fabrication,Industrials,2026-10-08,,
TANAA,Aerospace & Defense,Industrials,2026-10-08,,
TANLA,Software - Application,Technology,2026-10-08,Computers - Software,
TARACHAND,Farm & Heavy Construction Machinery,Industrials,2026-10-08,,
TARAPUR,Specialty Industrial Machinery,Industrials,2026-10-08,Power,
TARC,Real Estate - Development,Real Estate,2026-10-08,,
TARIL,Electrical Equipment & Parts,Industrials,2026-10-08,,2026-10-13
TARMAT,Engineering & Construction,Industrials,2026-10-08,Construction,
TARSONS,Medical Instruments & Supplies,Healthcare,2026-10-08,,
TASTYBITE,Packaged Foods,Consumer Defensive,2026-10-08,,
TATACAP,Credit Services,Financial Services,2026-10-08,,
TATACHEM,Chemicals,Basic Materials,2026-10-08,Chemicals - Inorganic,
TATACOMM,Telecom Services,Communication Services,2026-10-08,Telecommunication - Services,
TATACONSUM,Packaged Foods,Consumer Defensive,2026-10-08,,
TATAELXSI,Software - Application,Technology,2026-10-08,Computers - Software,2026-10-13
TATAINVEST,Asset Management,Financial Services,2026-10-08,Finance,
TATAPOWER,Utilities - Independent Power Producers,Utilities,2026-10-08,Power,2026-11-11
TATASTEEL,Steel,Basic Materials,2026-10-08,Steel And Steel Products,
TATATECH,Information Technology Services,Technology,2026-10-08,,2026-10-14
TATVA,Specialty Chemicals,Basic Materials,2026-10-08,,
TBOTEK,Travel Services,Consumer Cyclical,2026-10-08,,
TBZ,Luxury Goods,Consumer Cyclical,2026-10-08,Gems Jewellery And Watches,
TCC,,,2026-10-08,,
TCI,Integrated Freight & Logistics,Industrials,2026-10-08,Travel And Transport,
TCIEXP,Integrated Freight & Logistics,Industrials,2026-10-08,,
TCIFINANCE,Credit Services,Financial Services,2026-10-08,Finance,
TCPLPACK,Packaging & Containers,Consumer Cyclical,2026-10-08,,
TCS,Information Technology Services,Technology,2026-10-08,Computers - Software,2026-10-08
TDPOWERSYS,Specialty Industrial Machinery,Industrials,2026-10-08,Electrical Equipment,
TEAMGTY,Asset Management,Financial Services,2026-10-08,,
TEAMLEASE,Staffing & Employment Services,Industrials,2026-10-08,,
TECHM,Information Technology Services,Technology,2026-10-08,Computers - Software,2026-10-15
TECHNOCRAF,Infrastructure Operations,Industrials,2026-10-08,,
TECHNOE,Engineering & Construction,Industrials,2026-10-08,,
TECHNVISN,Software - Application,Technology,2026-10-08,,
TECILCHEM,Shell Companies,Financial Services,2026-10-08,,
TEGA,Specialty Industrial Machinery,Industrials,2026-10-08,,
TEJASNET,Communication Equipment,Technology,2026-10-08,,
TEMBO,Metal Fabrication,Industrials,2026-10-08,,
TEMPSENS,Scientific & Technical Instruments,Technology,2026-10-08,,
TENNIND,Auto Parts,Consumer Cyclical,2026-10-08,,
TERAI,Farm Products,Consumer Defensive,2026-10-08,,
TERASOFT,Information Technology Services,Technology,2026-10-08,,
TEXINFRA,Real Estate Services,Real Estate,2026-10-08,Construction,
TEXMOPIPES,Building Products & Equipment,Industrials,2026-10-08,Plastic And Plastic Products,
TEXRAIL,Railroads,Industrials,2026-10-08,Engineering,
TFCILTD,Credit Services,Financial Services,2026-10-08,Financial Institution,
TFL,Mortgage Finance,Financial Services,2026-10-08,Finance,
TGBHOTELS,Lodging,Consumer Cyclical,2026-10-08,,
TGVSL,Chemicals,Basic Materials,2026-10-08,,
THACKER,Asset Management,Financial Services,2026-10-08,,
THAKDEV,Real Estate - Development,Real Estate,2026-10-08,,
THANGAMAYL,Luxury Goods,Consumer Cyclical,2026-10-08,Gems Jewellery And Watches,
THEINVEST,Capital Markets,Financial Services,2026-10-08,,
THEJO,Specialty Industrial Machinery,Industrials,2026-10-08,,
THELEELA,Lodging,Consumer Cyclical,2026-10-08,,
THEMISMED,Drug Manufacturers - Specialty & Generic,Healthcare,2026-10-08,Pharmaceuticals,
THERMAX,Conglomerates,Industrials,2026-10-08,Electrical Equipment,
THOMASCOOK,Travel Services,Consumer Cyclical,2026-10-08,Travel And Transport,
THOMASCOTT,Textile Manufacturing,Consumer Cyclical,2026-10-08,Miscellaneous,
THYROCARE,Diagnostics & Research,Healthcare,2026-10-08,,
TI,Beverages - Wineries & Distilleries,Consumer Defensive,2026-10-08,Brew/Distilleries,
TICL,Engineering & Construction,Industrials,2026-10-08,,
TIGERLOGS,Integrated Freight & Logistics,Industrials,2026-10-08,,
TIIL,Tools & Accessories,Industrials,2026-10-08,Steel And Steel Products,
TIINDIA,Conglomerates,Industrials,2026-10-08,,
TIJARIA,Building Products & Equipment,Industrials,2026-10-08,Plastic And Plastic Products,
TIL,Farm & Heavy Construction Machinery,Industrials,2026-10-08,Engineering,
TIMETECHNO,Packaging & Containers,Consumer Cyclical,2026-10-08,Plastic And Plastic Products,
TIMEX,Luxury Goods,Consumer Cyclical,2026-10-08,,
TIMKEN,Tools & Accessories,Industrials,2026-10-08,Bearings,
TINNARUBR,Specialty Chemicals,Basic Materials,2026-10-08,,
TIPSFILMS,Entertainment,Communication Services,2026-10-08,,
TIPSMUSIC,Entertainment,Communication Services,2026-10-08,,
TIRUMALCHM,Specialty Chemicals,Basic Materials,2026-10-08,Chemicals - Organic,
TIRUPATIFL,Metal Fabrication,Industrials,2026-10-08,,
TITAGARH,Railroads,Industrials,2026-10-08,,
TITAN,Luxury Goods,Consumer Cyclical,2026-10-08,Gems Jewellery And Watches,
TMB,Banks - Regional,Financial Services,2026-10-08,,
TMCV,Auto Manufacturers,Consumer Cyclical,2026-10-08,,2026-10-23
TMPV,Auto Manufacturers,Consumer Cyclical,2026-10-08,,
TNPETRO,Specialty Chemicals,Basic Materials,2026-10-08,Petrochemicals,
TNPL,Paper & Paper Products,Basic Materials,2026-10-08,Paper And Paper Products,
TNTELE,Communication Equipment,Technology,2026-10-08,Cables - Telecom,
TOKYOPLAST,Packaging & Containers,Consumer Cyclical,2026-10-08,Plastic And Plastic Products,
TOLINS,Auto Parts,Consumer Cyclical,2026-10-08,,
TORNTPHARM,Drug Manufacturers - Specialty & Generic,Healthcare,2026-10-08,Pharmaceuticals,2026-10-23
TORNTPOWER,Utilities - Independent Power Producers,Utilities,2026-10-08,Power,
TOTAL,Integrated Freight & Logistics,Industrials,2026-10-08,,
TOUCHWOOD,Advertising Agencies,Communication Services,2026-10-08,,
TOYAMSL,Conglomerates,Industrials,2026-10-08,,
TPHQ,Engineering & Construction,Industrials,2026-10-08,,
TPLPLASTEH,Packaging & Containers,Consumer Cyclical,2026-10-08,,
TRACXN,Software - Application,Technology,2026-10-08,,
TRANSCOR,Capital Markets,Financial Services,2026-10-08,,
TRANSPEK,Chemicals,Basic Materials,2026-10-08,,
TRANSRAILL,Engineering & Construction,Industrials,2026-10-08,,
TRANSWORLD,Marine Shipping,Industrials,2026-10-08,,
TRAVELFOOD,Restaurants,Consumer Cyclical,2026-10-08,,
TREEHOUSE,Education & Training Services,Consumer Defensive,2026-10-08,Miscellaneous,
TREJHARA,Software - Application,Technology,2026-10-08,,
TREL,Real Estate Services,Real Estate,2026-10-08,,
TRENT,Apparel Retail,Consumer Cyclical,2026-10-08,Miscellaneous,2026-10-29
TRF,Specialty Industrial Machinery,Industrials,2026-10-08,Engineering,2026-10-13
TRIDENT,Textile Manufacturing,Consumer Cyclical,2026-10-08,Textile Products,
TRIGYN,Information Technology Services,Technology,2026-10-08,Computers - Software,
TRITONV,Auto Parts,Consumer Cyclical,2026-10-08,,
TRITURBINE,Specialty Industrial Machinery,Industrials,2026-10-08,Electrical Equipment,
TRIVENI,Confectioners,Consumer Defensive,2026-10-08,Sugar,
TRU,Credit Services,Financial Services,2026-10-08,,
TRUALT,Oil & Gas Refining & Marketing,Energy,2026-10-08,,
TSFINV,Asset Management,Financial Services,2026-10-08,,
TTKHLTCARE,Drug Manufacturers - General,Healthcare,2026-10-08,,
TTKPRESTIG,"Furnishings, Fixtures & Appliances",Consumer Cyclical,2026-10-08,Consumer Durables,2026-11-06
TTL,Textile Manufacturing,Consumer Cyclical,2026-10-08,Textile Products,
TTML,Telecom Services,Communication Services,2026-10-08,Telecommunication - Services,
TURTLEMINT,Insurance Brokers,Financial Services,2026-10-08,,
TUTIALKA,Agricultural Inputs,Basic Materials,2026-10-08,,
TVSELECT,Computer Hardware,Technology,2026-10-08,Computers - Hardware,
TVSHLTD,Auto Parts,Consumer Cyclical,2026-10-08,,
TVSMOTOR,Auto Manufacturers,Consumer Cyclical,2026-10-08,Automobiles - 2 And 3 Wheelers,
TVSSCS,Integrated Freight & Logistics,Industrials,2026-10-08,,
TVSSRICHAK,Auto Parts,Consumer Cyclical,2026-10-08,Tyres,
TVTODAY,Broadcasting,Communication Services,2026-10-08,Media & Entertainment,2026-11-02
TVVISION,Broadcasting,Communication Services,2026-10-08,,
UBL,Beverages - Brewers,Consumer Defensive,2026-10-08,Brew/Distilleries,2026-10-27
UCAL,Auto Parts,Consumer Cyclical,2026-10-08,,
UCOBANK,Banks - Regional,Financial Services,2026-10-08,Banks,
UDAYJEW,Luxury Goods,Consumer Cyclical,2026-10-08,,
UDS,Specialty Business Services,Industrials,2026-10-08,,
UEL,Solar,Technology,2026-10-08,,
UFBL,Restaurants,Consumer Cyclical,2026-10-08,,
UFLEX,Packaging & Containers,Consumer Cyclical,2026-10-08,Packaging,
UFO,Entertainment,Communication Services,2026-10-08,,
UGARSUGAR,Confectioners,Consumer Defensive,2026-10-08,Sugar,
UGROCAP,Credit Services,Financial Services,2026-10-08,,
UJJIVANSFB,Banks - Regional,Financial Services,2026-10-08,,2026-10-16
ULTRACEMCO,Building Materials,Basic Materials,2026-10-08,Cement And Cement Products,2026-10-19
ULTRAMAR,Specialty Chemicals,Basic Materials,2026-10-08,,
UMAEXPORTS,Farm Products,Consumer Defensive,2026-10-08,,
UMESLTD,Education & Training Services,Consumer Defensive,2026-10-08,Computers - Software,
UMIYA-MRO,Communication Equipment,Technology,2026-10-08,,2026-10-12
UNICHEMLAB,Drug Manufacturers - Specialty & Generic,Healthcare,2026-10-08,Pharmaceuticals,
UNIDT,Oil & Gas Equipment & Services,Energy,2026-10-08,,
UNIECOM,Software - Application,Technology,2026-10-08,,
UNIENTER,Chemicals,Basic Materials,2026-10-08,Trading,
UNIINFO,Telecom Services,Communication Services,2026-10-08,,
UNIMECH,Aerospace & Defense,Industrials,2026-10-08,,
UNIONBANK,Banks - Regional,Financial Services,2026-10-08,Banks,
UNIPARTS,Farm & Heavy Construction Machinery,Industrials,2026-10-08,,
UNITDSPR,Beverages - Wineries & Distilleries,Consumer Defensive,2026-10-08,,
UNITECH,Real Estate - Diversified,Real Estate,2026-10-08,Construction,
UNITEDPOLY,Textile Manufacturing,Consumer Cyclical,2026-10-08,,
UNITEDTEA,Farm Products,Consumer Defensive,2026-10-08,Tea And Coffee,
UNIVASTU,Engineering & Construction,Industrials,2026-10-08,,
UNIVCABLES,Electrical Equipment & Parts,Industrials,2026-10-08,Cables - Power,
UNIVPHOTO,Medical Devices,Healthcare,2026-10-08,,
UNOMINDA,Auto Parts,Consumer Cyclical,2026-10-08,,
UPHOT,Lodging,Consumer Cyclical,2026-10-08,,
UPL,Agricultural Inputs,Basic Materials,2026-10-08,,
URAVIDEF,Auto Parts,Consumer Cyclical,2026-10-08,,
URBANCO,Software - Application,Technology,2026-10-08,,
URJA,Solar,Technology,2026-10-08,,
USHAMART,Steel,Basic Materials,2026-10-08,Steel And Steel Products,
USK,Engineering & Construction,Industrials,2026-10-08,,
UTIAMC,Asset Management,Financial Services,2026-10-08,,2026-10-23
UTKARSHBNK,Banks - Regional,Financial Services,2026-10-08,,
UTLSOLAR,Solar,Technology,2026-10-08,,
UTTAMSUGAR,Confectioners,Consumer Defensive,2026-10-08,Sugar,
UYFINCORP,Credit Services,Financial Services,2026-10-08,,
V2RETAIL,Apparel Retail,Consumer Cyclical,2026-10-08,Miscellaneous,
VADILALIND,Packaged Foods,Consumer Defensive,2026-10-08,Food And Food Processing,
VADILENT,Food Distribution,Consumer Defensive,2026-10-08,,
VAIBHAVGBL,Luxury Goods,Consumer Cyclical,2026-10-08,Gems Jewellery And Watches,
VAISHALI,Drug Manufacturers - Specialty & Generic,Healthcare,2026-10-08,,
VAKRANGEE,Information Technology Services,Technology,2026-10-08,,
VALIANTLAB,Drug Manufacturers - Specialty & Generic,Healthcare,2026-10-08,,
VALIANTORG,Chemicals,Basic Materials,2026-10-08,,
VAML,Aluminum,Basic Materials,2026-10-08,,
VARDHACRLC,Textile Manufacturing,Consumer Cyclical,2026-10-08,Textiles - Synthetic,
VARDMNPOLY,Textile Manufacturing,Consumer Cyclical,2026-10-08,Textiles - Cotton,
VARMORA,Building Materials,Basic Materials,2026-10-08,,
VARROC,Auto Parts,Consumer Cyclical,2026-10-08,,
VASCONEQ,Engineering & Construction,Industrials,2026-10-08,Construction,
VASUPRADA,Farm Products,Consumer Defensive,2026-10-08,,
VASWANI,Steel,Basic Materials,2026-10-08,Steel And Steel Products,
VBL,Beverages - Non-Alcoholic,Consumer Defensive,2026-10-08,,
VCL,Textile Manufacturing,Consumer Cyclical,2026-10-08,,
VEDAVAAG,Information Technology Services,Technology,2026-10-08,,
VEDL,Other Industrial Metals & Mining,Basic Materials,2026-10-08,,
VEDPOWER,Utilities - Independent Power Producers,Utilities,2026-10-08,,
VEEDOL,Specialty Chemicals,Basic Materials,2026-10-08,,
VEEGALAND,Real Estate - Diversified,Real Estate,2026-10-08,,
VELJAN,Specialty Industrial Machinery,Industrials,2026-10-08,,
VENKEYS,Farm Products,Consumer Defensive,2026-10-08,Food And Food Processing,
VENTIVE,Lodging,Consumer Cyclical,2026-10-08,,
VENUSPIPES,Steel,Basic Materials,2026-10-08,,
VENUSREM,Drug Manufacturers - Specialty & Generic,Healthcare,2026-10-08,Pharmaceuticals,
VERANDA,Education & Training Services,Consumer Defensive,2026-10-08,,
VERTOZ,Software - Infrastructure,Technology,2026-10-08,,
VESUVIUS,Specialty Industrial Machinery,Industrials,2026-10-08,Refractories,
VETO,Electrical Equipment & Parts,Industrials,2026-10-08,,
VGCL,Capital Markets,Financial Services,2026-10-08,,
VGL,Textile Manufacturing,Consumer Cyclical,2026-10-08,,
VGUARD,Electrical Equipment & Parts,Industrials,2026-10-08,Electronics - Industrial,
VHL,Asset Management,Financial Services,2026-10-08,Finance,
VHLTD,Lodging,Consumer Cyclical,2026-10-08,,
VIDHIING,Specialty Chemicals,Basic Materials,2026-10-08,,
VIDYAWIRES,Electrical Equipment & Parts,Industrials,2026-10-08,,
VIJAYA,Diagnostics & Research,Healthcare,2026-10-08,,
VIJIFIN,Credit Services,Financial Services,2026-10-08,,2026-10-14
VIJSOLX,Packaged Foods,Consumer Defensive,2026-10-08,,
VIKASECO,Specialty Chemicals,Basic Materials,2026-10-08,,
VIKASLIFE,Farm Products,Consumer Defensive,2026-10-08,,
VIKRAMSOLR,Solar,Technology,2026-10-08,,
VIKRAN,Engineering & Construction,Industrials,2026-10-08,,
VIMTALABS,Diagnostics & Research,Healthcare,2026-10-08,Pharmaceuticals,
VINATIORGA,Specialty Chemicals,Basic Materials,2026-10-08,Chemicals - Speciality,
VINCOFE,Beverages - Non-Alcoholic,Consumer Defensive,2026-10-08,,
VINDHYATEL,Engineering & Construction,Industrials,2026-10-08,Cables - Telecom,
VINEETLAB,Chemicals,Basic Materials,2026-10-08,,
VINNY,Textile Manufacturing,Consumer Cyclical,2026-10-08,,
VINYLINDIA,Specialty Chemicals,Basic Materials,2026-10-08,Trading,
VIPCLOTHNG,Apparel Manufacturing,Consumer Cyclical,2026-10-08,,
VIPIND,Footwear & Accessories,Consumer Cyclical,2026-10-08,Plastic And Plastic Products,
VIPULLTD,Real Estate - Diversified,Real Estate,2026-10-08,,
VIRAT,Apparel Manufacturing,Consumer Cyclical,2026-10-08,,
VIRINCHI,Software - Application,Technology,2026-10-08,,
VIRTUALG,Education & Training Services,Consumer Defensive,2026-10-08,,
VISACHROME,Steel,Basic Materials,2026-10-08,,
VISAKAIND,Building Products & Equipment,Industrials,2026-10-08,Cement And Cement Products,
VISHAL,Textile Manufacturing,Consumer Cyclical,2026-10-08,,
VISHNU,Specialty Chemicals,Basic Materials,2026-10-08,,
VISHWARAJ,Confectioners,Consumer Defensive,2026-10-08,,
VISL,Steel,Basic Materials,2026-10-08,,
VITAL,Specialty Chemicals,Basic Materials,2026-10-08,,
VIVIANA,Engineering & Construction,Industrials,2026-10-08,,
VIVIDHA,Textile Manufacturing,Consumer Cyclical,2026-10-08,Textile Products,
VIVIMEDLAB,Drug Manufacturers - Specialty & Generic,Healthcare,2026-10-08,Chemicals - Speciality,
VIVOBIOT,Biotechnology,Healthcare,2026-10-08,,
VIYASH,Drug Manufacturers - Specialty & Generic,Healthcare,2026-10-08,,
VLEGOV,Information Technology Services,Technology,2026-10-08,,
VLSFINANCE,Capital Markets,Financial Services,2026-10-08,Finance,
VMART,Department Stores,Consumer Cyclical,2026-10-08,Miscellaneous,
VMM,Department Stores,Consumer Cyclical,2026-10-08,,
VMSTMT,Steel,Basic Materials,2026-10-08,,
VOEPL,Consumer Electronics,Technology,2026-10-08,,
VOGL,Other Industrial Metals & Mining,Basic Materials,2026-10-08,,
VOITHPAPR,Paper & Paper Products,Basic Materials,2026-10-08,,
VOLTAMP,Electrical Equipment & Parts,Industrials,2026-10-08,Electrical Equipment,
VOLTAS,"Furnishings, Fixtures & Appliances",Consumer Cyclical,2026-10-08,Engineering,
VPRPL,Engineering & Construction,Industrials,2026-10-08,,
VRAJ,Steel,Basic Materials,2026-10-08,,
VRLLOG,Trucking,Industrials,2026-10-08,,
VSSL,Steel,Basic Materials,2026-10-08,Steel And Steel Products,
VSTIND,Tobacco,Consumer Defensive,2026-10-08,Cigarettes,
VSTL,Steel,Basic Materials,2026-10-08,,
VSTTILLERS,Farm & Heavy Construction Machinery,Industrials,2026-10-08,Automobiles - 4 Wheelers,
VTL,Textile Manufacturing,Consumer Cyclical,2026-10-08,Textiles - Cotton,
VTMLTD,Textile Manufacturing,Consumer Cyclical,2026-10-08,,
WAAREEENER,Solar,Technology,2026-10-08,,
WAAREEINDO,Solar,Technology,2026-10-08,,
WAAREERTL,Engineering & Construction,Industrials,2026-10-08,,
WABAG,Engineering & Construction,Industrials,2026-10-08,Engineering,
WAKEFIT,"Furnishings, Fixtures & Appliances",Consumer Cyclical,2026-10-08,,
WALCHANNAG,Engineering & Construction,Industrials,2026-10-08,Engineering,
WANBURY,Drug Manufacturers - Specialty & Generic,Healthcare,2026-10-08,Pharmaceuticals,
WATERBASE,Packaged Foods,Consumer Defensive,2026-10-08,,
WCIL,Integrated Freight & Logistics,Industrials,2026-10-08,,
WEALTH,Capital Markets,Financial Services,2026-10-08,,
WEBELSOLAR,Solar,Technology,2026-10-08,Electrical Equipment,
WEIZMANIND,Textile Manufacturing,Consumer Cyclical,2026-10-08,Textile Products,
WEL,"Furnishings, Fixtures & Appliances",Consumer Cyclical,2026-10-08,,
WELCORP,Steel,Basic Materials,2026-10-08,Steel And Steel Products,
WELENT,Engineering & Construction,Industrials,2026-10-08,,
WELINV,Capital Markets,Financial Services,2026-10-08,Finance,
WELSPLSOL,Steel,Basic Materials,2026-10-08,,
WELSPUNLIV,Textile Manufacturing,Consumer Cyclical,2026-10-08,,
WENDT,Tools & Accessories,Industrials,2026-10-08,Abrasives,
WESTLIFE,Restaurants,Consumer Cyclical,2026-10-08,,2026-10-23
WEWIN,Information Technology Services,Technology,2026-10-08,,
WEWORK,Real Estate Services,Real Estate,2026-10-08,,2026-10-26
WHBRADY,Industrial Distribution,Industrials,2026-10-08,,
WHEELS,Auto Parts,Consumer Cyclical,2026-10-08,Auto Ancillaries,
WHIRLPOOL,"Furnishings, Fixtures & Appliances",Consumer Cyclical,2026-10-08,Consumer Durables,
WILLAMAGOR,Credit Services,Financial Services,2026-10-08,Finance,
WINDLAS,Drug Manufacturers - Specialty & Generic,Healthcare,2026-10-08,,
WINDMACHIN,Specialty Industrial Machinery,Industrials,2026-10-08,Engineering,
WIPL,Lumber & Wood Production,Basic Materials,2026-10-08,,
WIPRO,Information Technology Services,Technology,2026-10-08,Computers - Software,2026-10-15
WOCKPHARMA,Drug Manufacturers - Specialty & Generic,Healthcare,2026-10-08,Pharmaceuticals,
WONDERLA,Leisure,Consumer Cyclical,2026-10-08,,
WORTHPERI,Packaging & Containers,Consumer Cyclical,2026-10-08,,
WPIL,Specialty Industrial Machinery,Industrials,2026-10-08,,
WSI,Engineering & Construction,Industrials,2026-10-08,Electrical Equipment,
WSTCSTPAPR,Paper & Paper Products,Basic Materials,2026-10-08,Paper And Paper Products,
XCHANGING,Information Technology Services,Technology,2026-10-08,Computers - Software,
XELPMOC,Information Technology Services,Technology,2026-10-08,,
XPROINDIA,Specialty Chemicals,Basic Materials,2026-10-08,Packaging,
XTGLOBAL,Software - Application,Technology,2026-10-08,,
XTRANET,Information Technology Services,Technology,2026-10-08,,
YASHO,Specialty Chemicals,Basic Materials,2026-10-08,,
YATHARTH,Medical Care Facilities,Healthcare,2026-10-08,,
YATRA,Travel Services,Consumer Cyclical,2026-10-08,,
YESBANK,Banks - Regional,Financial Services,2026-10-08,Banks,2026-10-17
YOGI,Real Estate - Development,Real Estate,2026-10-08,,
YUKEN,Specialty Industrial Machinery,Industrials,2026-10-08,,
ZAGGLE,Software - Infrastructure,Technology,2026-10-08,,
ZEEL,Broadcasting,Communication Services,2026-10-08,Media & Entertainment,
ZEELEARN,Education & Training Services,Consumer Defensive,2026-10-08,Miscellaneous,
ZEEMEDIA,Broadcasting,Communication Services,2026-10-08,,
ZENITHEXPO,Textile Manufacturing,Consumer Cyclical,2026-10-08,Textiles - Cotton,
ZENITHSTL,Steel,Basic Materials,2026-10-08,,
ZENSARTECH,Information Technology Services,Technology,2026-10-08,Computers - Software,2026-10-28
ZENTEC,Aerospace & Defense,Industrials,2026-10-08,,
ZFCVINDIA,Auto Parts,Consumer Cyclical,2026-10-08,,
ZFSTEERING,Auto Parts,Consumer Cyclical,2026-10-08,,
ZIMLAB,Drug Manufacturers - Specialty & Generic,Healthcare,2026-10-08,,
ZODIAC,,,2026-10-08,,
ZODIACLOTH,Apparel Manufacturing,Consumer Cyclical,2026-10-08,Textile Products,
ZOTA,Biotechnology,Healthcare,2026-10-08,,
ZSARACOM,Asset Management,Financial Services,2026-10-08,,
ZUARI,Agricultural Inputs,Basic Materials,2026-10-08,Fertilisers,
ZUARIIND,Conglomerates,Industrials,2026-10-08,,
ZYDUSLIFE,Drug Manufacturers - Specialty & Generic,Healthcare,2026-10-08,,
ZYDUSWELL,Packaged Foods,Consumer Defensive,2026-10-08,Food And Food Processing,
